id_calendario;data;ano;mes;nome_mes;trimestre;semestre;dia;dia_semana;dia_util;final_de_semana
1;2023-01-01;2023;1;January;1;1;1;Sunday;False;True
2;2023-01-02;2023;1;January;1;1;2;Monday;True;False
3;2023-01-03;2023;1;January;1;1;3;Tuesday;True;False
4;2023-01-04;2023;1;January;1;1;4;Wednesday;True;False
5;2023-01-05;2023;1;January;1;1;5;Thursday;True;False
6;2023-01-06;2023;1;January;1;1;6;Friday;True;False
7;2023-01-07;2023;1;January;1;1;7;Saturday;False;True
8;2023-01-08;2023;1;January;1;1;8;Sunday;False;True
9;2023-01-09;2023;1;January;1;1;9;Monday;True;False
10;2023-01-10;2023;1;January;1;1;10;Tuesday;True;False
11;2023-01-11;2023;1;January;1;1;11;Wednesday;True;False
12;2023-01-12;2023;1;January;1;1;12;Thursday;True;False
13;2023-01-13;2023;1;January;1;1;13;Friday;True;False
14;2023-01-14;2023;1;January;1;1;14;Saturday;False;True
15;2023-01-15;2023;1;January;1;1;15;Sunday;False;True
16;2023-01-16;2023;1;January;1;1;16;Monday;True;False
17;2023-01-17;2023;1;January;1;1;17;Tuesday;True;False
18;2023-01-18;2023;1;January;1;1;18;Wednesday;True;False
19;2023-01-19;2023;1;January;1;1;19;Thursday;True;False
20;2023-01-20;2023;1;January;1;1;20;Friday;True;False
21;2023-01-21;2023;1;January;1;1;21;Saturday;False;True
22;2023-01-22;2023;1;January;1;1;22;Sunday;False;True
23;2023-01-23;2023;1;January;1;1;23;Monday;True;False
24;2023-01-24;2023;1;January;1;1;24;Tuesday;True;False
25;2023-01-25;2023;1;January;1;1;25;Wednesday;True;False
26;2023-01-26;2023;1;January;1;1;26;Thursday;True;False
27;2023-01-27;2023;1;January;1;1;27;Friday;True;False
28;2023-01-28;2023;1;January;1;1;28;Saturday;False;True
29;2023-01-29;2023;1;January;1;1;29;Sunday;False;True
30;2023-01-30;2023;1;January;1;1;30;Monday;True;False
31;2023-01-31;2023;1;January;1;1;31;Tuesday;True;False
32;2023-02-01;2023;2;February;1;1;1;Wednesday;True;False
33;2023-02-02;2023;2;February;1;1;2;Thursday;True;False
34;2023-02-03;2023;2;February;1;1;3;Friday;True;False
35;2023-02-04;2023;2;February;1;1;4;Saturday;False;True
36;2023-02-05;2023;2;February;1;1;5;Sunday;False;True
37;2023-02-06;2023;2;February;1;1;6;Monday;True;False
38;2023-02-07;2023;2;February;1;1;7;Tuesday;True;False
39;2023-02-08;2023;2;February;1;1;8;Wednesday;True;False
40;2023-02-09;2023;2;February;1;1;9;Thursday;True;False
41;2023-02-10;2023;2;February;1;1;10;Friday;True;False
42;2023-02-11;2023;2;February;1;1;11;Saturday;False;True
43;2023-02-12;2023;2;February;1;1;12;Sunday;False;True
44;2023-02-13;2023;2;February;1;1;13;Monday;True;False
45;2023-02-14;2023;2;February;1;1;14;Tuesday;True;False
46;2023-02-15;2023;2;February;1;1;15;Wednesday;True;False
47;2023-02-16;2023;2;February;1;1;16;Thursday;True;False
48;2023-02-17;2023;2;February;1;1;17;Friday;True;False
49;2023-02-18;2023;2;February;1;1;18;Saturday;False;True
50;2023-02-19;2023;2;February;1;1;19;Sunday;False;True
51;2023-02-20;2023;2;February;1;1;20;Monday;True;False
52;2023-02-21;2023;2;February;1;1;21;Tuesday;True;False
53;2023-02-22;2023;2;February;1;1;22;Wednesday;True;False
54;2023-02-23;2023;2;February;1;1;23;Thursday;True;False
55;2023-02-24;2023;2;February;1;1;24;Friday;True;False
56;2023-02-25;2023;2;February;1;1;25;Saturday;False;True
57;2023-02-26;2023;2;February;1;1;26;Sunday;False;True
58;2023-02-27;2023;2;February;1;1;27;Monday;True;False
59;2023-02-28;2023;2;February;1;1;28;Tuesday;True;False
60;2023-03-01;2023;3;March;1;1;1;Wednesday;True;False
61;2023-03-02;2023;3;March;1;1;2;Thursday;True;False
62;2023-03-03;2023;3;March;1;1;3;Friday;True;False
63;2023-03-04;2023;3;March;1;1;4;Saturday;False;True
64;2023-03-05;2023;3;March;1;1;5;Sunday;False;True
65;2023-03-06;2023;3;March;1;1;6;Monday;True;False
66;2023-03-07;2023;3;March;1;1;7;Tuesday;True;False
67;2023-03-08;2023;3;March;1;1;8;Wednesday;True;False
68;2023-03-09;2023;3;March;1;1;9;Thursday;True;False
69;2023-03-10;2023;3;March;1;1;10;Friday;True;False
70;2023-03-11;2023;3;March;1;1;11;Saturday;False;True
71;2023-03-12;2023;3;March;1;1;12;Sunday;False;True
72;2023-03-13;2023;3;March;1;1;13;Monday;True;False
73;2023-03-14;2023;3;March;1;1;14;Tuesday;True;False
74;2023-03-15;2023;3;March;1;1;15;Wednesday;True;False
75;2023-03-16;2023;3;March;1;1;16;Thursday;True;False
76;2023-03-17;2023;3;March;1;1;17;Friday;True;False
77;2023-03-18;2023;3;March;1;1;18;Saturday;False;True
78;2023-03-19;2023;3;March;1;1;19;Sunday;False;True
79;2023-03-20;2023;3;March;1;1;20;Monday;True;False
80;2023-03-21;2023;3;March;1;1;21;Tuesday;True;False
81;2023-03-22;2023;3;March;1;1;22;Wednesday;True;False
82;2023-03-23;2023;3;March;1;1;23;Thursday;True;False
83;2023-03-24;2023;3;March;1;1;24;Friday;True;False
84;2023-03-25;2023;3;March;1;1;25;Saturday;False;True
85;2023-03-26;2023;3;March;1;1;26;Sunday;False;True
86;2023-03-27;2023;3;March;1;1;27;Monday;True;False
87;2023-03-28;2023;3;March;1;1;28;Tuesday;True;False
88;2023-03-29;2023;3;March;1;1;29;Wednesday;True;False
89;2023-03-30;2023;3;March;1;1;30;Thursday;True;False
90;2023-03-31;2023;3;March;1;1;31;Friday;True;False
91;2023-04-01;2023;4;April;2;1;1;Saturday;False;True
92;2023-04-02;2023;4;April;2;1;2;Sunday;False;True
93;2023-04-03;2023;4;April;2;1;3;Monday;True;False
94;2023-04-04;2023;4;April;2;1;4;Tuesday;True;False
95;2023-04-05;2023;4;April;2;1;5;Wednesday;True;False
96;2023-04-06;2023;4;April;2;1;6;Thursday;True;False
97;2023-04-07;2023;4;April;2;1;7;Friday;True;False
98;2023-04-08;2023;4;April;2;1;8;Saturday;False;True
99;2023-04-09;2023;4;April;2;1;9;Sunday;False;True
100;2023-04-10;2023;4;April;2;1;10;Monday;True;False
101;2023-04-11;2023;4;April;2;1;11;Tuesday;True;False
102;2023-04-12;2023;4;April;2;1;12;Wednesday;True;False
103;2023-04-13;2023;4;April;2;1;13;Thursday;True;False
104;2023-04-14;2023;4;April;2;1;14;Friday;True;False
105;2023-04-15;2023;4;April;2;1;15;Saturday;False;True
106;2023-04-16;2023;4;April;2;1;16;Sunday;False;True
107;2023-04-17;2023;4;April;2;1;17;Monday;True;False
108;2023-04-18;2023;4;April;2;1;18;Tuesday;True;False
109;2023-04-19;2023;4;April;2;1;19;Wednesday;True;False
110;2023-04-20;2023;4;April;2;1;20;Thursday;True;False
111;2023-04-21;2023;4;April;2;1;21;Friday;True;False
112;2023-04-22;2023;4;April;2;1;22;Saturday;False;True
113;2023-04-23;2023;4;April;2;1;23;Sunday;False;True
114;2023-04-24;2023;4;April;2;1;24;Monday;True;False
115;2023-04-25;2023;4;April;2;1;25;Tuesday;True;False
116;2023-04-26;2023;4;April;2;1;26;Wednesday;True;False
117;2023-04-27;2023;4;April;2;1;27;Thursday;True;False
118;2023-04-28;2023;4;April;2;1;28;Friday;True;False
119;2023-04-29;2023;4;April;2;1;29;Saturday;False;True
120;2023-04-30;2023;4;April;2;1;30;Sunday;False;True
121;2023-05-01;2023;5;May;2;1;1;Monday;True;False
122;2023-05-02;2023;5;May;2;1;2;Tuesday;True;False
123;2023-05-03;2023;5;May;2;1;3;Wednesday;True;False
124;2023-05-04;2023;5;May;2;1;4;Thursday;True;False
125;2023-05-05;2023;5;May;2;1;5;Friday;True;False
126;2023-05-06;2023;5;May;2;1;6;Saturday;False;True
127;2023-05-07;2023;5;May;2;1;7;Sunday;False;True
128;2023-05-08;2023;5;May;2;1;8;Monday;True;False
129;2023-05-09;2023;5;May;2;1;9;Tuesday;True;False
130;2023-05-10;2023;5;May;2;1;10;Wednesday;True;False
131;2023-05-11;2023;5;May;2;1;11;Thursday;True;False
132;2023-05-12;2023;5;May;2;1;12;Friday;True;False
133;2023-05-13;2023;5;May;2;1;13;Saturday;False;True
134;2023-05-14;2023;5;May;2;1;14;Sunday;False;True
135;2023-05-15;2023;5;May;2;1;15;Monday;True;False
136;2023-05-16;2023;5;May;2;1;16;Tuesday;True;False
137;2023-05-17;2023;5;May;2;1;17;Wednesday;True;False
138;2023-05-18;2023;5;May;2;1;18;Thursday;True;False
139;2023-05-19;2023;5;May;2;1;19;Friday;True;False
140;2023-05-20;2023;5;May;2;1;20;Saturday;False;True
141;2023-05-21;2023;5;May;2;1;21;Sunday;False;True
142;2023-05-22;2023;5;May;2;1;22;Monday;True;False
143;2023-05-23;2023;5;May;2;1;23;Tuesday;True;False
144;2023-05-24;2023;5;May;2;1;24;Wednesday;True;False
145;2023-05-25;2023;5;May;2;1;25;Thursday;True;False
146;2023-05-26;2023;5;May;2;1;26;Friday;True;False
147;2023-05-27;2023;5;May;2;1;27;Saturday;False;True
148;2023-05-28;2023;5;May;2;1;28;Sunday;False;True
149;2023-05-29;2023;5;May;2;1;29;Monday;True;False
150;2023-05-30;2023;5;May;2;1;30;Tuesday;True;False
151;2023-05-31;2023;5;May;2;1;31;Wednesday;True;False
152;2023-06-01;2023;6;June;2;1;1;Thursday;True;False
153;2023-06-02;2023;6;June;2;1;2;Friday;True;False
154;2023-06-03;2023;6;June;2;1;3;Saturday;False;True
155;2023-06-04;2023;6;June;2;1;4;Sunday;False;True
156;2023-06-05;2023;6;June;2;1;5;Monday;True;False
157;2023-06-06;2023;6;June;2;1;6;Tuesday;True;False
158;2023-06-07;2023;6;June;2;1;7;Wednesday;True;False
159;2023-06-08;2023;6;June;2;1;8;Thursday;True;False
160;2023-06-09;2023;6;June;2;1;9;Friday;True;False
161;2023-06-10;2023;6;June;2;1;10;Saturday;False;True
162;2023-06-11;2023;6;June;2;1;11;Sunday;False;True
163;2023-06-12;2023;6;June;2;1;12;Monday;True;False
164;2023-06-13;2023;6;June;2;1;13;Tuesday;True;False
165;2023-06-14;2023;6;June;2;1;14;Wednesday;True;False
166;2023-06-15;2023;6;June;2;1;15;Thursday;True;False
167;2023-06-16;2023;6;June;2;1;16;Friday;True;False
168;2023-06-17;2023;6;June;2;1;17;Saturday;False;True
169;2023-06-18;2023;6;June;2;1;18;Sunday;False;True
170;2023-06-19;2023;6;June;2;1;19;Monday;True;False
171;2023-06-20;2023;6;June;2;1;20;Tuesday;True;False
172;2023-06-21;2023;6;June;2;1;21;Wednesday;True;False
173;2023-06-22;2023;6;June;2;1;22;Thursday;True;False
174;2023-06-23;2023;6;June;2;1;23;Friday;True;False
175;2023-06-24;2023;6;June;2;1;24;Saturday;False;True
176;2023-06-25;2023;6;June;2;1;25;Sunday;False;True
177;2023-06-26;2023;6;June;2;1;26;Monday;True;False
178;2023-06-27;2023;6;June;2;1;27;Tuesday;True;False
179;2023-06-28;2023;6;June;2;1;28;Wednesday;True;False
180;2023-06-29;2023;6;June;2;1;29;Thursday;True;False
181;2023-06-30;2023;6;June;2;1;30;Friday;True;False
182;2023-07-01;2023;7;July;3;2;1;Saturday;False;True
183;2023-07-02;2023;7;July;3;2;2;Sunday;False;True
184;2023-07-03;2023;7;July;3;2;3;Monday;True;False
185;2023-07-04;2023;7;July;3;2;4;Tuesday;True;False
186;2023-07-05;2023;7;July;3;2;5;Wednesday;True;False
187;2023-07-06;2023;7;July;3;2;6;Thursday;True;False
188;2023-07-07;2023;7;July;3;2;7;Friday;True;False
189;2023-07-08;2023;7;July;3;2;8;Saturday;False;True
190;2023-07-09;2023;7;July;3;2;9;Sunday;False;True
191;2023-07-10;2023;7;July;3;2;10;Monday;True;False
192;2023-07-11;2023;7;July;3;2;11;Tuesday;True;False
193;2023-07-12;2023;7;July;3;2;12;Wednesday;True;False
194;2023-07-13;2023;7;July;3;2;13;Thursday;True;False
195;2023-07-14;2023;7;July;3;2;14;Friday;True;False
196;2023-07-15;2023;7;July;3;2;15;Saturday;False;True
197;2023-07-16;2023;7;July;3;2;16;Sunday;False;True
198;2023-07-17;2023;7;July;3;2;17;Monday;True;False
199;2023-07-18;2023;7;July;3;2;18;Tuesday;True;False
200;2023-07-19;2023;7;July;3;2;19;Wednesday;True;False
201;2023-07-20;2023;7;July;3;2;20;Thursday;True;False
202;2023-07-21;2023;7;July;3;2;21;Friday;True;False
203;2023-07-22;2023;7;July;3;2;22;Saturday;False;True
204;2023-07-23;2023;7;July;3;2;23;Sunday;False;True
205;2023-07-24;2023;7;July;3;2;24;Monday;True;False
206;2023-07-25;2023;7;July;3;2;25;Tuesday;True;False
207;2023-07-26;2023;7;July;3;2;26;Wednesday;True;False
208;2023-07-27;2023;7;July;3;2;27;Thursday;True;False
209;2023-07-28;2023;7;July;3;2;28;Friday;True;False
210;2023-07-29;2023;7;July;3;2;29;Saturday;False;True
211;2023-07-30;2023;7;July;3;2;30;Sunday;False;True
212;2023-07-31;2023;7;July;3;2;31;Monday;True;False
213;2023-08-01;2023;8;August;3;2;1;Tuesday;True;False
214;2023-08-02;2023;8;August;3;2;2;Wednesday;True;False
215;2023-08-03;2023;8;August;3;2;3;Thursday;True;False
216;2023-08-04;2023;8;August;3;2;4;Friday;True;False
217;2023-08-05;2023;8;August;3;2;5;Saturday;False;True
218;2023-08-06;2023;8;August;3;2;6;Sunday;False;True
219;2023-08-07;2023;8;August;3;2;7;Monday;True;False
220;2023-08-08;2023;8;August;3;2;8;Tuesday;True;False
221;2023-08-09;2023;8;August;3;2;9;Wednesday;True;False
222;2023-08-10;2023;8;August;3;2;10;Thursday;True;False
223;2023-08-11;2023;8;August;3;2;11;Friday;True;False
224;2023-08-12;2023;8;August;3;2;12;Saturday;False;True
225;2023-08-13;2023;8;August;3;2;13;Sunday;False;True
226;2023-08-14;2023;8;August;3;2;14;Monday;True;False
227;2023-08-15;2023;8;August;3;2;15;Tuesday;True;False
228;2023-08-16;2023;8;August;3;2;16;Wednesday;True;False
229;2023-08-17;2023;8;August;3;2;17;Thursday;True;False
230;2023-08-18;2023;8;August;3;2;18;Friday;True;False
231;2023-08-19;2023;8;August;3;2;19;Saturday;False;True
232;2023-08-20;2023;8;August;3;2;20;Sunday;False;True
233;2023-08-21;2023;8;August;3;2;21;Monday;True;False
234;2023-08-22;2023;8;August;3;2;22;Tuesday;True;False
235;2023-08-23;2023;8;August;3;2;23;Wednesday;True;False
236;2023-08-24;2023;8;August;3;2;24;Thursday;True;False
237;2023-08-25;2023;8;August;3;2;25;Friday;True;False
238;2023-08-26;2023;8;August;3;2;26;Saturday;False;True
239;2023-08-27;2023;8;August;3;2;27;Sunday;False;True
240;2023-08-28;2023;8;August;3;2;28;Monday;True;False
241;2023-08-29;2023;8;August;3;2;29;Tuesday;True;False
242;2023-08-30;2023;8;August;3;2;30;Wednesday;True;False
243;2023-08-31;2023;8;August;3;2;31;Thursday;True;False
244;2023-09-01;2023;9;September;3;2;1;Friday;True;False
245;2023-09-02;2023;9;September;3;2;2;Saturday;False;True
246;2023-09-03;2023;9;September;3;2;3;Sunday;False;True
247;2023-09-04;2023;9;September;3;2;4;Monday;True;False
248;2023-09-05;2023;9;September;3;2;5;Tuesday;True;False
249;2023-09-06;2023;9;September;3;2;6;Wednesday;True;False
250;2023-09-07;2023;9;September;3;2;7;Thursday;True;False
251;2023-09-08;2023;9;September;3;2;8;Friday;True;False
252;2023-09-09;2023;9;September;3;2;9;Saturday;False;True
253;2023-09-10;2023;9;September;3;2;10;Sunday;False;True
254;2023-09-11;2023;9;September;3;2;11;Monday;True;False
255;2023-09-12;2023;9;September;3;2;12;Tuesday;True;False
256;2023-09-13;2023;9;September;3;2;13;Wednesday;True;False
257;2023-09-14;2023;9;September;3;2;14;Thursday;True;False
258;2023-09-15;2023;9;September;3;2;15;Friday;True;False
259;2023-09-16;2023;9;September;3;2;16;Saturday;False;True
260;2023-09-17;2023;9;September;3;2;17;Sunday;False;True
261;2023-09-18;2023;9;September;3;2;18;Monday;True;False
262;2023-09-19;2023;9;September;3;2;19;Tuesday;True;False
263;2023-09-20;2023;9;September;3;2;20;Wednesday;True;False
264;2023-09-21;2023;9;September;3;2;21;Thursday;True;False
265;2023-09-22;2023;9;September;3;2;22;Friday;True;False
266;2023-09-23;2023;9;September;3;2;23;Saturday;False;True
267;2023-09-24;2023;9;September;3;2;24;Sunday;False;True
268;2023-09-25;2023;9;September;3;2;25;Monday;True;False
269;2023-09-26;2023;9;September;3;2;26;Tuesday;True;False
270;2023-09-27;2023;9;September;3;2;27;Wednesday;True;False
271;2023-09-28;2023;9;September;3;2;28;Thursday;True;False
272;2023-09-29;2023;9;September;3;2;29;Friday;True;False
273;2023-09-30;2023;9;September;3;2;30;Saturday;False;True
274;2023-10-01;2023;10;October;4;2;1;Sunday;False;True
275;2023-10-02;2023;10;October;4;2;2;Monday;True;False
276;2023-10-03;2023;10;October;4;2;3;Tuesday;True;False
277;2023-10-04;2023;10;October;4;2;4;Wednesday;True;False
278;2023-10-05;2023;10;October;4;2;5;Thursday;True;False
279;2023-10-06;2023;10;October;4;2;6;Friday;True;False
280;2023-10-07;2023;10;October;4;2;7;Saturday;False;True
281;2023-10-08;2023;10;October;4;2;8;Sunday;False;True
282;2023-10-09;2023;10;October;4;2;9;Monday;True;False
283;2023-10-10;2023;10;October;4;2;10;Tuesday;True;False
284;2023-10-11;2023;10;October;4;2;11;Wednesday;True;False
285;2023-10-12;2023;10;October;4;2;12;Thursday;True;False
286;2023-10-13;2023;10;October;4;2;13;Friday;True;False
287;2023-10-14;2023;10;October;4;2;14;Saturday;False;True
288;2023-10-15;2023;10;October;4;2;15;Sunday;False;True
289;2023-10-16;2023;10;October;4;2;16;Monday;True;False
290;2023-10-17;2023;10;October;4;2;17;Tuesday;True;False
291;2023-10-18;2023;10;October;4;2;18;Wednesday;True;False
292;2023-10-19;2023;10;October;4;2;19;Thursday;True;False
293;2023-10-20;2023;10;October;4;2;20;Friday;True;False
294;2023-10-21;2023;10;October;4;2;21;Saturday;False;True
295;2023-10-22;2023;10;October;4;2;22;Sunday;False;True
296;2023-10-23;2023;10;October;4;2;23;Monday;True;False
297;2023-10-24;2023;10;October;4;2;24;Tuesday;True;False
298;2023-10-25;2023;10;October;4;2;25;Wednesday;True;False
299;2023-10-26;2023;10;October;4;2;26;Thursday;True;False
300;2023-10-27;2023;10;October;4;2;27;Friday;True;False
301;2023-10-28;2023;10;October;4;2;28;Saturday;False;True
302;2023-10-29;2023;10;October;4;2;29;Sunday;False;True
303;2023-10-30;2023;10;October;4;2;30;Monday;True;False
304;2023-10-31;2023;10;October;4;2;31;Tuesday;True;False
305;2023-11-01;2023;11;November;4;2;1;Wednesday;True;False
306;2023-11-02;2023;11;November;4;2;2;Thursday;True;False
307;2023-11-03;2023;11;November;4;2;3;Friday;True;False
308;2023-11-04;2023;11;November;4;2;4;Saturday;False;True
309;2023-11-05;2023;11;November;4;2;5;Sunday;False;True
310;2023-11-06;2023;11;November;4;2;6;Monday;True;False
311;2023-11-07;2023;11;November;4;2;7;Tuesday;True;False
312;2023-11-08;2023;11;November;4;2;8;Wednesday;True;False
313;2023-11-09;2023;11;November;4;2;9;Thursday;True;False
314;2023-11-10;2023;11;November;4;2;10;Friday;True;False
315;2023-11-11;2023;11;November;4;2;11;Saturday;False;True
316;2023-11-12;2023;11;November;4;2;12;Sunday;False;True
317;2023-11-13;2023;11;November;4;2;13;Monday;True;False
318;2023-11-14;2023;11;November;4;2;14;Tuesday;True;False
319;2023-11-15;2023;11;November;4;2;15;Wednesday;True;False
320;2023-11-16;2023;11;November;4;2;16;Thursday;True;False
321;2023-11-17;2023;11;November;4;2;17;Friday;True;False
322;2023-11-18;2023;11;November;4;2;18;Saturday;False;True
323;2023-11-19;2023;11;November;4;2;19;Sunday;False;True
324;2023-11-20;2023;11;November;4;2;20;Monday;True;False
325;2023-11-21;2023;11;November;4;2;21;Tuesday;True;False
326;2023-11-22;2023;11;November;4;2;22;Wednesday;True;False
327;2023-11-23;2023;11;November;4;2;23;Thursday;True;False
328;2023-11-24;2023;11;November;4;2;24;Friday;True;False
329;2023-11-25;2023;11;November;4;2;25;Saturday;False;True
330;2023-11-26;2023;11;November;4;2;26;Sunday;False;True
331;2023-11-27;2023;11;November;4;2;27;Monday;True;False
332;2023-11-28;2023;11;November;4;2;28;Tuesday;True;False
333;2023-11-29;2023;11;November;4;2;29;Wednesday;True;False
334;2023-11-30;2023;11;November;4;2;30;Thursday;True;False
335;2023-12-01;2023;12;December;4;2;1;Friday;True;False
336;2023-12-02;2023;12;December;4;2;2;Saturday;False;True
337;2023-12-03;2023;12;December;4;2;3;Sunday;False;True
338;2023-12-04;2023;12;December;4;2;4;Monday;True;False
339;2023-12-05;2023;12;December;4;2;5;Tuesday;True;False
340;2023-12-06;2023;12;December;4;2;6;Wednesday;True;False
341;2023-12-07;2023;12;December;4;2;7;Thursday;True;False
342;2023-12-08;2023;12;December;4;2;8;Friday;True;False
343;2023-12-09;2023;12;December;4;2;9;Saturday;False;True
344;2023-12-10;2023;12;December;4;2;10;Sunday;False;True
345;2023-12-11;2023;12;December;4;2;11;Monday;True;False
346;2023-12-12;2023;12;December;4;2;12;Tuesday;True;False
347;2023-12-13;2023;12;December;4;2;13;Wednesday;True;False
348;2023-12-14;2023;12;December;4;2;14;Thursday;True;False
349;2023-12-15;2023;12;December;4;2;15;Friday;True;False
350;2023-12-16;2023;12;December;4;2;16;Saturday;False;True
351;2023-12-17;2023;12;December;4;2;17;Sunday;False;True
352;2023-12-18;2023;12;December;4;2;18;Monday;True;False
353;2023-12-19;2023;12;December;4;2;19;Tuesday;True;False
354;2023-12-20;2023;12;December;4;2;20;Wednesday;True;False
355;2023-12-21;2023;12;December;4;2;21;Thursday;True;False
356;2023-12-22;2023;12;December;4;2;22;Friday;True;False
357;2023-12-23;2023;12;December;4;2;23;Saturday;False;True
358;2023-12-24;2023;12;December;4;2;24;Sunday;False;True
359;2023-12-25;2023;12;December;4;2;25;Monday;True;False
360;2023-12-26;2023;12;December;4;2;26;Tuesday;True;False
361;2023-12-27;2023;12;December;4;2;27;Wednesday;True;False
362;2023-12-28;2023;12;December;4;2;28;Thursday;True;False
363;2023-12-29;2023;12;December;4;2;29;Friday;True;False
364;2023-12-30;2023;12;December;4;2;30;Saturday;False;True
365;2023-12-31;2023;12;December;4;2;31;Sunday;False;True
366;2024-01-01;2024;1;January;1;1;1;Monday;True;False
367;2024-01-02;2024;1;January;1;1;2;Tuesday;True;False
368;2024-01-03;2024;1;January;1;1;3;Wednesday;True;False
369;2024-01-04;2024;1;January;1;1;4;Thursday;True;False
370;2024-01-05;2024;1;January;1;1;5;Friday;True;False
371;2024-01-06;2024;1;January;1;1;6;Saturday;False;True
372;2024-01-07;2024;1;January;1;1;7;Sunday;False;True
373;2024-01-08;2024;1;January;1;1;8;Monday;True;False
374;2024-01-09;2024;1;January;1;1;9;Tuesday;True;False
375;2024-01-10;2024;1;January;1;1;10;Wednesday;True;False
376;2024-01-11;2024;1;January;1;1;11;Thursday;True;False
377;2024-01-12;2024;1;January;1;1;12;Friday;True;False
378;2024-01-13;2024;1;January;1;1;13;Saturday;False;True
379;2024-01-14;2024;1;January;1;1;14;Sunday;False;True
380;2024-01-15;2024;1;January;1;1;15;Monday;True;False
381;2024-01-16;2024;1;January;1;1;16;Tuesday;True;False
382;2024-01-17;2024;1;January;1;1;17;Wednesday;True;False
383;2024-01-18;2024;1;January;1;1;18;Thursday;True;False
384;2024-01-19;2024;1;January;1;1;19;Friday;True;False
385;2024-01-20;2024;1;January;1;1;20;Saturday;False;True
386;2024-01-21;2024;1;January;1;1;21;Sunday;False;True
387;2024-01-22;2024;1;January;1;1;22;Monday;True;False
388;2024-01-23;2024;1;January;1;1;23;Tuesday;True;False
389;2024-01-24;2024;1;January;1;1;24;Wednesday;True;False
390;2024-01-25;2024;1;January;1;1;25;Thursday;True;False
391;2024-01-26;2024;1;January;1;1;26;Friday;True;False
392;2024-01-27;2024;1;January;1;1;27;Saturday;False;True
393;2024-01-28;2024;1;January;1;1;28;Sunday;False;True
394;2024-01-29;2024;1;January;1;1;29;Monday;True;False
395;2024-01-30;2024;1;January;1;1;30;Tuesday;True;False
396;2024-01-31;2024;1;January;1;1;31;Wednesday;True;False
397;2024-02-01;2024;2;February;1;1;1;Thursday;True;False
398;2024-02-02;2024;2;February;1;1;2;Friday;True;False
399;2024-02-03;2024;2;February;1;1;3;Saturday;False;True
400;2024-02-04;2024;2;February;1;1;4;Sunday;False;True
401;2024-02-05;2024;2;February;1;1;5;Monday;True;False
402;2024-02-06;2024;2;February;1;1;6;Tuesday;True;False
403;2024-02-07;2024;2;February;1;1;7;Wednesday;True;False
404;2024-02-08;2024;2;February;1;1;8;Thursday;True;False
405;2024-02-09;2024;2;February;1;1;9;Friday;True;False
406;2024-02-10;2024;2;February;1;1;10;Saturday;False;True
407;2024-02-11;2024;2;February;1;1;11;Sunday;False;True
408;2024-02-12;2024;2;February;1;1;12;Monday;True;False
409;2024-02-13;2024;2;February;1;1;13;Tuesday;True;False
410;2024-02-14;2024;2;February;1;1;14;Wednesday;True;False
411;2024-02-15;2024;2;February;1;1;15;Thursday;True;False
412;2024-02-16;2024;2;February;1;1;16;Friday;True;False
413;2024-02-17;2024;2;February;1;1;17;Saturday;False;True
414;2024-02-18;2024;2;February;1;1;18;Sunday;False;True
415;2024-02-19;2024;2;February;1;1;19;Monday;True;False
416;2024-02-20;2024;2;February;1;1;20;Tuesday;True;False
417;2024-02-21;2024;2;February;1;1;21;Wednesday;True;False
418;2024-02-22;2024;2;February;1;1;22;Thursday;True;False
419;2024-02-23;2024;2;February;1;1;23;Friday;True;False
420;2024-02-24;2024;2;February;1;1;24;Saturday;False;True
421;2024-02-25;2024;2;February;1;1;25;Sunday;False;True
422;2024-02-26;2024;2;February;1;1;26;Monday;True;False
423;2024-02-27;2024;2;February;1;1;27;Tuesday;True;False
424;2024-02-28;2024;2;February;1;1;28;Wednesday;True;False
425;2024-02-29;2024;2;February;1;1;29;Thursday;True;False
426;2024-03-01;2024;3;March;1;1;1;Friday;True;False
427;2024-03-02;2024;3;March;1;1;2;Saturday;False;True
428;2024-03-03;2024;3;March;1;1;3;Sunday;False;True
429;2024-03-04;2024;3;March;1;1;4;Monday;True;False
430;2024-03-05;2024;3;March;1;1;5;Tuesday;True;False
431;2024-03-06;2024;3;March;1;1;6;Wednesday;True;False
432;2024-03-07;2024;3;March;1;1;7;Thursday;True;False
433;2024-03-08;2024;3;March;1;1;8;Friday;True;False
434;2024-03-09;2024;3;March;1;1;9;Saturday;False;True
435;2024-03-10;2024;3;March;1;1;10;Sunday;False;True
436;2024-03-11;2024;3;March;1;1;11;Monday;True;False
437;2024-03-12;2024;3;March;1;1;12;Tuesday;True;False
438;2024-03-13;2024;3;March;1;1;13;Wednesday;True;False
439;2024-03-14;2024;3;March;1;1;14;Thursday;True;False
440;2024-03-15;2024;3;March;1;1;15;Friday;True;False
441;2024-03-16;2024;3;March;1;1;16;Saturday;False;True
442;2024-03-17;2024;3;March;1;1;17;Sunday;False;True
443;2024-03-18;2024;3;March;1;1;18;Monday;True;False
444;2024-03-19;2024;3;March;1;1;19;Tuesday;True;False
445;2024-03-20;2024;3;March;1;1;20;Wednesday;True;False
446;2024-03-21;2024;3;March;1;1;21;Thursday;True;False
447;2024-03-22;2024;3;March;1;1;22;Friday;True;False
448;2024-03-23;2024;3;March;1;1;23;Saturday;False;True
449;2024-03-24;2024;3;March;1;1;24;Sunday;False;True
450;2024-03-25;2024;3;March;1;1;25;Monday;True;False
451;2024-03-26;2024;3;March;1;1;26;Tuesday;True;False
452;2024-03-27;2024;3;March;1;1;27;Wednesday;True;False
453;2024-03-28;2024;3;March;1;1;28;Thursday;True;False
454;2024-03-29;2024;3;March;1;1;29;Friday;True;False
455;2024-03-30;2024;3;March;1;1;30;Saturday;False;True
456;2024-03-31;2024;3;March;1;1;31;Sunday;False;True
457;2024-04-01;2024;4;April;2;1;1;Monday;True;False
458;2024-04-02;2024;4;April;2;1;2;Tuesday;True;False
459;2024-04-03;2024;4;April;2;1;3;Wednesday;True;False
460;2024-04-04;2024;4;April;2;1;4;Thursday;True;False
461;2024-04-05;2024;4;April;2;1;5;Friday;True;False
462;2024-04-06;2024;4;April;2;1;6;Saturday;False;True
463;2024-04-07;2024;4;April;2;1;7;Sunday;False;True
464;2024-04-08;2024;4;April;2;1;8;Monday;True;False
465;2024-04-09;2024;4;April;2;1;9;Tuesday;True;False
466;2024-04-10;2024;4;April;2;1;10;Wednesday;True;False
467;2024-04-11;2024;4;April;2;1;11;Thursday;True;False
468;2024-04-12;2024;4;April;2;1;12;Friday;True;False
469;2024-04-13;2024;4;April;2;1;13;Saturday;False;True
470;2024-04-14;2024;4;April;2;1;14;Sunday;False;True
471;2024-04-15;2024;4;April;2;1;15;Monday;True;False
472;2024-04-16;2024;4;April;2;1;16;Tuesday;True;False
473;2024-04-17;2024;4;April;2;1;17;Wednesday;True;False
474;2024-04-18;2024;4;April;2;1;18;Thursday;True;False
475;2024-04-19;2024;4;April;2;1;19;Friday;True;False
476;2024-04-20;2024;4;April;2;1;20;Saturday;False;True
477;2024-04-21;2024;4;April;2;1;21;Sunday;False;True
478;2024-04-22;2024;4;April;2;1;22;Monday;True;False
479;2024-04-23;2024;4;April;2;1;23;Tuesday;True;False
480;2024-04-24;2024;4;April;2;1;24;Wednesday;True;False
481;2024-04-25;2024;4;April;2;1;25;Thursday;True;False
482;2024-04-26;2024;4;April;2;1;26;Friday;True;False
483;2024-04-27;2024;4;April;2;1;27;Saturday;False;True
484;2024-04-28;2024;4;April;2;1;28;Sunday;False;True
485;2024-04-29;2024;4;April;2;1;29;Monday;True;False
486;2024-04-30;2024;4;April;2;1;30;Tuesday;True;False
487;2024-05-01;2024;5;May;2;1;1;Wednesday;True;False
488;2024-05-02;2024;5;May;2;1;2;Thursday;True;False
489;2024-05-03;2024;5;May;2;1;3;Friday;True;False
490;2024-05-04;2024;5;May;2;1;4;Saturday;False;True
491;2024-05-05;2024;5;May;2;1;5;Sunday;False;True
492;2024-05-06;2024;5;May;2;1;6;Monday;True;False
493;2024-05-07;2024;5;May;2;1;7;Tuesday;True;False
494;2024-05-08;2024;5;May;2;1;8;Wednesday;True;False
495;2024-05-09;2024;5;May;2;1;9;Thursday;True;False
496;2024-05-10;2024;5;May;2;1;10;Friday;True;False
497;2024-05-11;2024;5;May;2;1;11;Saturday;False;True
498;2024-05-12;2024;5;May;2;1;12;Sunday;False;True
499;2024-05-13;2024;5;May;2;1;13;Monday;True;False
500;2024-05-14;2024;5;May;2;1;14;Tuesday;True;False
501;2024-05-15;2024;5;May;2;1;15;Wednesday;True;False
502;2024-05-16;2024;5;May;2;1;16;Thursday;True;False
503;2024-05-17;2024;5;May;2;1;17;Friday;True;False
504;2024-05-18;2024;5;May;2;1;18;Saturday;False;True
505;2024-05-19;2024;5;May;2;1;19;Sunday;False;True
506;2024-05-20;2024;5;May;2;1;20;Monday;True;False
507;2024-05-21;2024;5;May;2;1;21;Tuesday;True;False
508;2024-05-22;2024;5;May;2;1;22;Wednesday;True;False
509;2024-05-23;2024;5;May;2;1;23;Thursday;True;False
510;2024-05-24;2024;5;May;2;1;24;Friday;True;False
511;2024-05-25;2024;5;May;2;1;25;Saturday;False;True
512;2024-05-26;2024;5;May;2;1;26;Sunday;False;True
513;2024-05-27;2024;5;May;2;1;27;Monday;True;False
514;2024-05-28;2024;5;May;2;1;28;Tuesday;True;False
515;2024-05-29;2024;5;May;2;1;29;Wednesday;True;False
516;2024-05-30;2024;5;May;2;1;30;Thursday;True;False
517;2024-05-31;2024;5;May;2;1;31;Friday;True;False
518;2024-06-01;2024;6;June;2;1;1;Saturday;False;True
519;2024-06-02;2024;6;June;2;1;2;Sunday;False;True
520;2024-06-03;2024;6;June;2;1;3;Monday;True;False
521;2024-06-04;2024;6;June;2;1;4;Tuesday;True;False
522;2024-06-05;2024;6;June;2;1;5;Wednesday;True;False
523;2024-06-06;2024;6;June;2;1;6;Thursday;True;False
524;2024-06-07;2024;6;June;2;1;7;Friday;True;False
525;2024-06-08;2024;6;June;2;1;8;Saturday;False;True
526;2024-06-09;2024;6;June;2;1;9;Sunday;False;True
527;2024-06-10;2024;6;June;2;1;10;Monday;True;False
528;2024-06-11;2024;6;June;2;1;11;Tuesday;True;False
529;2024-06-12;2024;6;June;2;1;12;Wednesday;True;False
530;2024-06-13;2024;6;June;2;1;13;Thursday;True;False
531;2024-06-14;2024;6;June;2;1;14;Friday;True;False
532;2024-06-15;2024;6;June;2;1;15;Saturday;False;True
533;2024-06-16;2024;6;June;2;1;16;Sunday;False;True
534;2024-06-17;2024;6;June;2;1;17;Monday;True;False
535;2024-06-18;2024;6;June;2;1;18;Tuesday;True;False
536;2024-06-19;2024;6;June;2;1;19;Wednesday;True;False
537;2024-06-20;2024;6;June;2;1;20;Thursday;True;False
538;2024-06-21;2024;6;June;2;1;21;Friday;True;False
539;2024-06-22;2024;6;June;2;1;22;Saturday;False;True
540;2024-06-23;2024;6;June;2;1;23;Sunday;False;True
541;2024-06-24;2024;6;June;2;1;24;Monday;True;False
542;2024-06-25;2024;6;June;2;1;25;Tuesday;True;False
543;2024-06-26;2024;6;June;2;1;26;Wednesday;True;False
544;2024-06-27;2024;6;June;2;1;27;Thursday;True;False
545;2024-06-28;2024;6;June;2;1;28;Friday;True;False
546;2024-06-29;2024;6;June;2;1;29;Saturday;False;True
547;2024-06-30;2024;6;June;2;1;30;Sunday;False;True
548;2024-07-01;2024;7;July;3;2;1;Monday;True;False
549;2024-07-02;2024;7;July;3;2;2;Tuesday;True;False
550;2024-07-03;2024;7;July;3;2;3;Wednesday;True;False
551;2024-07-04;2024;7;July;3;2;4;Thursday;True;False
552;2024-07-05;2024;7;July;3;2;5;Friday;True;False
553;2024-07-06;2024;7;July;3;2;6;Saturday;False;True
554;2024-07-07;2024;7;July;3;2;7;Sunday;False;True
555;2024-07-08;2024;7;July;3;2;8;Monday;True;False
556;2024-07-09;2024;7;July;3;2;9;Tuesday;True;False
557;2024-07-10;2024;7;July;3;2;10;Wednesday;True;False
558;2024-07-11;2024;7;July;3;2;11;Thursday;True;False
559;2024-07-12;2024;7;July;3;2;12;Friday;True;False
560;2024-07-13;2024;7;July;3;2;13;Saturday;False;True
561;2024-07-14;2024;7;July;3;2;14;Sunday;False;True
562;2024-07-15;2024;7;July;3;2;15;Monday;True;False
563;2024-07-16;2024;7;July;3;2;16;Tuesday;True;False
564;2024-07-17;2024;7;July;3;2;17;Wednesday;True;False
565;2024-07-18;2024;7;July;3;2;18;Thursday;True;False
566;2024-07-19;2024;7;July;3;2;19;Friday;True;False
567;2024-07-20;2024;7;July;3;2;20;Saturday;False;True
568;2024-07-21;2024;7;July;3;2;21;Sunday;False;True
569;2024-07-22;2024;7;July;3;2;22;Monday;True;False
570;2024-07-23;2024;7;July;3;2;23;Tuesday;True;False
571;2024-07-24;2024;7;July;3;2;24;Wednesday;True;False
572;2024-07-25;2024;7;July;3;2;25;Thursday;True;False
573;2024-07-26;2024;7;July;3;2;26;Friday;True;False
574;2024-07-27;2024;7;July;3;2;27;Saturday;False;True
575;2024-07-28;2024;7;July;3;2;28;Sunday;False;True
576;2024-07-29;2024;7;July;3;2;29;Monday;True;False
577;2024-07-30;2024;7;July;3;2;30;Tuesday;True;False
578;2024-07-31;2024;7;July;3;2;31;Wednesday;True;False
579;2024-08-01;2024;8;August;3;2;1;Thursday;True;False
580;2024-08-02;2024;8;August;3;2;2;Friday;True;False
581;2024-08-03;2024;8;August;3;2;3;Saturday;False;True
582;2024-08-04;2024;8;August;3;2;4;Sunday;False;True
583;2024-08-05;2024;8;August;3;2;5;Monday;True;False
584;2024-08-06;2024;8;August;3;2;6;Tuesday;True;False
585;2024-08-07;2024;8;August;3;2;7;Wednesday;True;False
586;2024-08-08;2024;8;August;3;2;8;Thursday;True;False
587;2024-08-09;2024;8;August;3;2;9;Friday;True;False
588;2024-08-10;2024;8;August;3;2;10;Saturday;False;True
589;2024-08-11;2024;8;August;3;2;11;Sunday;False;True
590;2024-08-12;2024;8;August;3;2;12;Monday;True;False
591;2024-08-13;2024;8;August;3;2;13;Tuesday;True;False
592;2024-08-14;2024;8;August;3;2;14;Wednesday;True;False
593;2024-08-15;2024;8;August;3;2;15;Thursday;True;False
594;2024-08-16;2024;8;August;3;2;16;Friday;True;False
595;2024-08-17;2024;8;August;3;2;17;Saturday;False;True
596;2024-08-18;2024;8;August;3;2;18;Sunday;False;True
597;2024-08-19;2024;8;August;3;2;19;Monday;True;False
598;2024-08-20;2024;8;August;3;2;20;Tuesday;True;False
599;2024-08-21;2024;8;August;3;2;21;Wednesday;True;False
600;2024-08-22;2024;8;August;3;2;22;Thursday;True;False
601;2024-08-23;2024;8;August;3;2;23;Friday;True;False
602;2024-08-24;2024;8;August;3;2;24;Saturday;False;True
603;2024-08-25;2024;8;August;3;2;25;Sunday;False;True
604;2024-08-26;2024;8;August;3;2;26;Monday;True;False
605;2024-08-27;2024;8;August;3;2;27;Tuesday;True;False
606;2024-08-28;2024;8;August;3;2;28;Wednesday;True;False
607;2024-08-29;2024;8;August;3;2;29;Thursday;True;False
608;2024-08-30;2024;8;August;3;2;30;Friday;True;False
609;2024-08-31;2024;8;August;3;2;31;Saturday;False;True
610;2024-09-01;2024;9;September;3;2;1;Sunday;False;True
611;2024-09-02;2024;9;September;3;2;2;Monday;True;False
612;2024-09-03;2024;9;September;3;2;3;Tuesday;True;False
613;2024-09-04;2024;9;September;3;2;4;Wednesday;True;False
614;2024-09-05;2024;9;September;3;2;5;Thursday;True;False
615;2024-09-06;2024;9;September;3;2;6;Friday;True;False
616;2024-09-07;2024;9;September;3;2;7;Saturday;False;True
617;2024-09-08;2024;9;September;3;2;8;Sunday;False;True
618;2024-09-09;2024;9;September;3;2;9;Monday;True;False
619;2024-09-10;2024;9;September;3;2;10;Tuesday;True;False
620;2024-09-11;2024;9;September;3;2;11;Wednesday;True;False
621;2024-09-12;2024;9;September;3;2;12;Thursday;True;False
622;2024-09-13;2024;9;September;3;2;13;Friday;True;False
623;2024-09-14;2024;9;September;3;2;14;Saturday;False;True
624;2024-09-15;2024;9;September;3;2;15;Sunday;False;True
625;2024-09-16;2024;9;September;3;2;16;Monday;True;False
626;2024-09-17;2024;9;September;3;2;17;Tuesday;True;False
627;2024-09-18;2024;9;September;3;2;18;Wednesday;True;False
628;2024-09-19;2024;9;September;3;2;19;Thursday;True;False
629;2024-09-20;2024;9;September;3;2;20;Friday;True;False
630;2024-09-21;2024;9;September;3;2;21;Saturday;False;True
631;2024-09-22;2024;9;September;3;2;22;Sunday;False;True
632;2024-09-23;2024;9;September;3;2;23;Monday;True;False
633;2024-09-24;2024;9;September;3;2;24;Tuesday;True;False
634;2024-09-25;2024;9;September;3;2;25;Wednesday;True;False
635;2024-09-26;2024;9;September;3;2;26;Thursday;True;False
636;2024-09-27;2024;9;September;3;2;27;Friday;True;False
637;2024-09-28;2024;9;September;3;2;28;Saturday;False;True
638;2024-09-29;2024;9;September;3;2;29;Sunday;False;True
639;2024-09-30;2024;9;September;3;2;30;Monday;True;False
640;2024-10-01;2024;10;October;4;2;1;Tuesday;True;False
641;2024-10-02;2024;10;October;4;2;2;Wednesday;True;False
642;2024-10-03;2024;10;October;4;2;3;Thursday;True;False
643;2024-10-04;2024;10;October;4;2;4;Friday;True;False
644;2024-10-05;2024;10;October;4;2;5;Saturday;False;True
645;2024-10-06;2024;10;October;4;2;6;Sunday;False;True
646;2024-10-07;2024;10;October;4;2;7;Monday;True;False
647;2024-10-08;2024;10;October;4;2;8;Tuesday;True;False
648;2024-10-09;2024;10;October;4;2;9;Wednesday;True;False
649;2024-10-10;2024;10;October;4;2;10;Thursday;True;False
650;2024-10-11;2024;10;October;4;2;11;Friday;True;False
651;2024-10-12;2024;10;October;4;2;12;Saturday;False;True
652;2024-10-13;2024;10;October;4;2;13;Sunday;False;True
653;2024-10-14;2024;10;October;4;2;14;Monday;True;False
654;2024-10-15;2024;10;October;4;2;15;Tuesday;True;False
655;2024-10-16;2024;10;October;4;2;16;Wednesday;True;False
656;2024-10-17;2024;10;October;4;2;17;Thursday;True;False
657;2024-10-18;2024;10;October;4;2;18;Friday;True;False
658;2024-10-19;2024;10;October;4;2;19;Saturday;False;True
659;2024-10-20;2024;10;October;4;2;20;Sunday;False;True
660;2024-10-21;2024;10;October;4;2;21;Monday;True;False
661;2024-10-22;2024;10;October;4;2;22;Tuesday;True;False
662;2024-10-23;2024;10;October;4;2;23;Wednesday;True;False
663;2024-10-24;2024;10;October;4;2;24;Thursday;True;False
664;2024-10-25;2024;10;October;4;2;25;Friday;True;False
665;2024-10-26;2024;10;October;4;2;26;Saturday;False;True
666;2024-10-27;2024;10;October;4;2;27;Sunday;False;True
667;2024-10-28;2024;10;October;4;2;28;Monday;True;False
668;2024-10-29;2024;10;October;4;2;29;Tuesday;True;False
669;2024-10-30;2024;10;October;4;2;30;Wednesday;True;False
670;2024-10-31;2024;10;October;4;2;31;Thursday;True;False
671;2024-11-01;2024;11;November;4;2;1;Friday;True;False
672;2024-11-02;2024;11;November;4;2;2;Saturday;False;True
673;2024-11-03;2024;11;November;4;2;3;Sunday;False;True
674;2024-11-04;2024;11;November;4;2;4;Monday;True;False
675;2024-11-05;2024;11;November;4;2;5;Tuesday;True;False
676;2024-11-06;2024;11;November;4;2;6;Wednesday;True;False
677;2024-11-07;2024;11;November;4;2;7;Thursday;True;False
678;2024-11-08;2024;11;November;4;2;8;Friday;True;False
679;2024-11-09;2024;11;November;4;2;9;Saturday;False;True
680;2024-11-10;2024;11;November;4;2;10;Sunday;False;True
681;2024-11-11;2024;11;November;4;2;11;Monday;True;False
682;2024-11-12;2024;11;November;4;2;12;Tuesday;True;False
683;2024-11-13;2024;11;November;4;2;13;Wednesday;True;False
684;2024-11-14;2024;11;November;4;2;14;Thursday;True;False
685;2024-11-15;2024;11;November;4;2;15;Friday;True;False
686;2024-11-16;2024;11;November;4;2;16;Saturday;False;True
687;2024-11-17;2024;11;November;4;2;17;Sunday;False;True
688;2024-11-18;2024;11;November;4;2;18;Monday;True;False
689;2024-11-19;2024;11;November;4;2;19;Tuesday;True;False
690;2024-11-20;2024;11;November;4;2;20;Wednesday;True;False
691;2024-11-21;2024;11;November;4;2;21;Thursday;True;False
692;2024-11-22;2024;11;November;4;2;22;Friday;True;False
693;2024-11-23;2024;11;November;4;2;23;Saturday;False;True
694;2024-11-24;2024;11;November;4;2;24;Sunday;False;True
695;2024-11-25;2024;11;November;4;2;25;Monday;True;False
696;2024-11-26;2024;11;November;4;2;26;Tuesday;True;False
697;2024-11-27;2024;11;November;4;2;27;Wednesday;True;False
698;2024-11-28;2024;11;November;4;2;28;Thursday;True;False
699;2024-11-29;2024;11;November;4;2;29;Friday;True;False
700;2024-11-30;2024;11;November;4;2;30;Saturday;False;True
701;2024-12-01;2024;12;December;4;2;1;Sunday;False;True
702;2024-12-02;2024;12;December;4;2;2;Monday;True;False
703;2024-12-03;2024;12;December;4;2;3;Tuesday;True;False
704;2024-12-04;2024;12;December;4;2;4;Wednesday;True;False
705;2024-12-05;2024;12;December;4;2;5;Thursday;True;False
706;2024-12-06;2024;12;December;4;2;6;Friday;True;False
707;2024-12-07;2024;12;December;4;2;7;Saturday;False;True
708;2024-12-08;2024;12;December;4;2;8;Sunday;False;True
709;2024-12-09;2024;12;December;4;2;9;Monday;True;False
710;2024-12-10;2024;12;December;4;2;10;Tuesday;True;False
711;2024-12-11;2024;12;December;4;2;11;Wednesday;True;False
712;2024-12-12;2024;12;December;4;2;12;Thursday;True;False
713;2024-12-13;2024;12;December;4;2;13;Friday;True;False
714;2024-12-14;2024;12;December;4;2;14;Saturday;False;True
715;2024-12-15;2024;12;December;4;2;15;Sunday;False;True
716;2024-12-16;2024;12;December;4;2;16;Monday;True;False
717;2024-12-17;2024;12;December;4;2;17;Tuesday;True;False
718;2024-12-18;2024;12;December;4;2;18;Wednesday;True;False
719;2024-12-19;2024;12;December;4;2;19;Thursday;True;False
720;2024-12-20;2024;12;December;4;2;20;Friday;True;False
721;2024-12-21;2024;12;December;4;2;21;Saturday;False;True
722;2024-12-22;2024;12;December;4;2;22;Sunday;False;True
723;2024-12-23;2024;12;December;4;2;23;Monday;True;False
724;2024-12-24;2024;12;December;4;2;24;Tuesday;True;False
725;2024-12-25;2024;12;December;4;2;25;Wednesday;True;False
726;2024-12-26;2024;12;December;4;2;26;Thursday;True;False
727;2024-12-27;2024;12;December;4;2;27;Friday;True;False
728;2024-12-28;2024;12;December;4;2;28;Saturday;False;True
729;2024-12-29;2024;12;December;4;2;29;Sunday;False;True
730;2024-12-30;2024;12;December;4;2;30;Monday;True;False
731;2024-12-31;2024;12;December;4;2;31;Tuesday;True;False
732;2025-01-01;2025;1;January;1;1;1;Wednesday;True;False
733;2025-01-02;2025;1;January;1;1;2;Thursday;True;False
734;2025-01-03;2025;1;January;1;1;3;Friday;True;False
735;2025-01-04;2025;1;January;1;1;4;Saturday;False;True
736;2025-01-05;2025;1;January;1;1;5;Sunday;False;True
737;2025-01-06;2025;1;January;1;1;6;Monday;True;False
738;2025-01-07;2025;1;January;1;1;7;Tuesday;True;False
739;2025-01-08;2025;1;January;1;1;8;Wednesday;True;False
740;2025-01-09;2025;1;January;1;1;9;Thursday;True;False
741;2025-01-10;2025;1;January;1;1;10;Friday;True;False
742;2025-01-11;2025;1;January;1;1;11;Saturday;False;True
743;2025-01-12;2025;1;January;1;1;12;Sunday;False;True
744;2025-01-13;2025;1;January;1;1;13;Monday;True;False
745;2025-01-14;2025;1;January;1;1;14;Tuesday;True;False
746;2025-01-15;2025;1;January;1;1;15;Wednesday;True;False
747;2025-01-16;2025;1;January;1;1;16;Thursday;True;False
748;2025-01-17;2025;1;January;1;1;17;Friday;True;False
749;2025-01-18;2025;1;January;1;1;18;Saturday;False;True
750;2025-01-19;2025;1;January;1;1;19;Sunday;False;True
751;2025-01-20;2025;1;January;1;1;20;Monday;True;False
752;2025-01-21;2025;1;January;1;1;21;Tuesday;True;False
753;2025-01-22;2025;1;January;1;1;22;Wednesday;True;False
754;2025-01-23;2025;1;January;1;1;23;Thursday;True;False
755;2025-01-24;2025;1;January;1;1;24;Friday;True;False
756;2025-01-25;2025;1;January;1;1;25;Saturday;False;True
757;2025-01-26;2025;1;January;1;1;26;Sunday;False;True
758;2025-01-27;2025;1;January;1;1;27;Monday;True;False
759;2025-01-28;2025;1;January;1;1;28;Tuesday;True;False
760;2025-01-29;2025;1;January;1;1;29;Wednesday;True;False
761;2025-01-30;2025;1;January;1;1;30;Thursday;True;False
762;2025-01-31;2025;1;January;1;1;31;Friday;True;False
763;2025-02-01;2025;2;February;1;1;1;Saturday;False;True
764;2025-02-02;2025;2;February;1;1;2;Sunday;False;True
765;2025-02-03;2025;2;February;1;1;3;Monday;True;False
766;2025-02-04;2025;2;February;1;1;4;Tuesday;True;False
767;2025-02-05;2025;2;February;1;1;5;Wednesday;True;False
768;2025-02-06;2025;2;February;1;1;6;Thursday;True;False
769;2025-02-07;2025;2;February;1;1;7;Friday;True;False
770;2025-02-08;2025;2;February;1;1;8;Saturday;False;True
771;2025-02-09;2025;2;February;1;1;9;Sunday;False;True
772;2025-02-10;2025;2;February;1;1;10;Monday;True;False
773;2025-02-11;2025;2;February;1;1;11;Tuesday;True;False
774;2025-02-12;2025;2;February;1;1;12;Wednesday;True;False
775;2025-02-13;2025;2;February;1;1;13;Thursday;True;False
776;2025-02-14;2025;2;February;1;1;14;Friday;True;False
777;2025-02-15;2025;2;February;1;1;15;Saturday;False;True
778;2025-02-16;2025;2;February;1;1;16;Sunday;False;True
779;2025-02-17;2025;2;February;1;1;17;Monday;True;False
780;2025-02-18;2025;2;February;1;1;18;Tuesday;True;False
781;2025-02-19;2025;2;February;1;1;19;Wednesday;True;False
782;2025-02-20;2025;2;February;1;1;20;Thursday;True;False
783;2025-02-21;2025;2;February;1;1;21;Friday;True;False
784;2025-02-22;2025;2;February;1;1;22;Saturday;False;True
785;2025-02-23;2025;2;February;1;1;23;Sunday;False;True
786;2025-02-24;2025;2;February;1;1;24;Monday;True;False
787;2025-02-25;2025;2;February;1;1;25;Tuesday;True;False
788;2025-02-26;2025;2;February;1;1;26;Wednesday;True;False
789;2025-02-27;2025;2;February;1;1;27;Thursday;True;False
790;2025-02-28;2025;2;February;1;1;28;Friday;True;False
791;2025-03-01;2025;3;March;1;1;1;Saturday;False;True
792;2025-03-02;2025;3;March;1;1;2;Sunday;False;True
793;2025-03-03;2025;3;March;1;1;3;Monday;True;False
794;2025-03-04;2025;3;March;1;1;4;Tuesday;True;False
795;2025-03-05;2025;3;March;1;1;5;Wednesday;True;False
796;2025-03-06;2025;3;March;1;1;6;Thursday;True;False
797;2025-03-07;2025;3;March;1;1;7;Friday;True;False
798;2025-03-08;2025;3;March;1;1;8;Saturday;False;True
799;2025-03-09;2025;3;March;1;1;9;Sunday;False;True
800;2025-03-10;2025;3;March;1;1;10;Monday;True;False
801;2025-03-11;2025;3;March;1;1;11;Tuesday;True;False
802;2025-03-12;2025;3;March;1;1;12;Wednesday;True;False
803;2025-03-13;2025;3;March;1;1;13;Thursday;True;False
804;2025-03-14;2025;3;March;1;1;14;Friday;True;False
805;2025-03-15;2025;3;March;1;1;15;Saturday;False;True
806;2025-03-16;2025;3;March;1;1;16;Sunday;False;True
807;2025-03-17;2025;3;March;1;1;17;Monday;True;False
808;2025-03-18;2025;3;March;1;1;18;Tuesday;True;False
809;2025-03-19;2025;3;March;1;1;19;Wednesday;True;False
810;2025-03-20;2025;3;March;1;1;20;Thursday;True;False
811;2025-03-21;2025;3;March;1;1;21;Friday;True;False
812;2025-03-22;2025;3;March;1;1;22;Saturday;False;True
813;2025-03-23;2025;3;March;1;1;23;Sunday;False;True
814;2025-03-24;2025;3;March;1;1;24;Monday;True;False
815;2025-03-25;2025;3;March;1;1;25;Tuesday;True;False
816;2025-03-26;2025;3;March;1;1;26;Wednesday;True;False
817;2025-03-27;2025;3;March;1;1;27;Thursday;True;False
818;2025-03-28;2025;3;March;1;1;28;Friday;True;False
819;2025-03-29;2025;3;March;1;1;29;Saturday;False;True
820;2025-03-30;2025;3;March;1;1;30;Sunday;False;True
821;2025-03-31;2025;3;March;1;1;31;Monday;True;False
822;2025-04-01;2025;4;April;2;1;1;Tuesday;True;False
823;2025-04-02;2025;4;April;2;1;2;Wednesday;True;False
824;2025-04-03;2025;4;April;2;1;3;Thursday;True;False
825;2025-04-04;2025;4;April;2;1;4;Friday;True;False
826;2025-04-05;2025;4;April;2;1;5;Saturday;False;True
827;2025-04-06;2025;4;April;2;1;6;Sunday;False;True
828;2025-04-07;2025;4;April;2;1;7;Monday;True;False
829;2025-04-08;2025;4;April;2;1;8;Tuesday;True;False
830;2025-04-09;2025;4;April;2;1;9;Wednesday;True;False
831;2025-04-10;2025;4;April;2;1;10;Thursday;True;False
832;2025-04-11;2025;4;April;2;1;11;Friday;True;False
833;2025-04-12;2025;4;April;2;1;12;Saturday;False;True
834;2025-04-13;2025;4;April;2;1;13;Sunday;False;True
835;2025-04-14;2025;4;April;2;1;14;Monday;True;False
836;2025-04-15;2025;4;April;2;1;15;Tuesday;True;False
837;2025-04-16;2025;4;April;2;1;16;Wednesday;True;False
838;2025-04-17;2025;4;April;2;1;17;Thursday;True;False
839;2025-04-18;2025;4;April;2;1;18;Friday;True;False
840;2025-04-19;2025;4;April;2;1;19;Saturday;False;True
841;2025-04-20;2025;4;April;2;1;20;Sunday;False;True
842;2025-04-21;2025;4;April;2;1;21;Monday;True;False
843;2025-04-22;2025;4;April;2;1;22;Tuesday;True;False
844;2025-04-23;2025;4;April;2;1;23;Wednesday;True;False
845;2025-04-24;2025;4;April;2;1;24;Thursday;True;False
846;2025-04-25;2025;4;April;2;1;25;Friday;True;False
847;2025-04-26;2025;4;April;2;1;26;Saturday;False;True
848;2025-04-27;2025;4;April;2;1;27;Sunday;False;True
849;2025-04-28;2025;4;April;2;1;28;Monday;True;False
850;2025-04-29;2025;4;April;2;1;29;Tuesday;True;False
851;2025-04-30;2025;4;April;2;1;30;Wednesday;True;False
852;2025-05-01;2025;5;May;2;1;1;Thursday;True;False
853;2025-05-02;2025;5;May;2;1;2;Friday;True;False
854;2025-05-03;2025;5;May;2;1;3;Saturday;False;True
855;2025-05-04;2025;5;May;2;1;4;Sunday;False;True
856;2025-05-05;2025;5;May;2;1;5;Monday;True;False
857;2025-05-06;2025;5;May;2;1;6;Tuesday;True;False
858;2025-05-07;2025;5;May;2;1;7;Wednesday;True;False
859;2025-05-08;2025;5;May;2;1;8;Thursday;True;False
860;2025-05-09;2025;5;May;2;1;9;Friday;True;False
861;2025-05-10;2025;5;May;2;1;10;Saturday;False;True
862;2025-05-11;2025;5;May;2;1;11;Sunday;False;True
863;2025-05-12;2025;5;May;2;1;12;Monday;True;False
864;2025-05-13;2025;5;May;2;1;13;Tuesday;True;False
865;2025-05-14;2025;5;May;2;1;14;Wednesday;True;False
866;2025-05-15;2025;5;May;2;1;15;Thursday;True;False
867;2025-05-16;2025;5;May;2;1;16;Friday;True;False
868;2025-05-17;2025;5;May;2;1;17;Saturday;False;True
869;2025-05-18;2025;5;May;2;1;18;Sunday;False;True
870;2025-05-19;2025;5;May;2;1;19;Monday;True;False
871;2025-05-20;2025;5;May;2;1;20;Tuesday;True;False
872;2025-05-21;2025;5;May;2;1;21;Wednesday;True;False
873;2025-05-22;2025;5;May;2;1;22;Thursday;True;False
874;2025-05-23;2025;5;May;2;1;23;Friday;True;False
875;2025-05-24;2025;5;May;2;1;24;Saturday;False;True
876;2025-05-25;2025;5;May;2;1;25;Sunday;False;True
877;2025-05-26;2025;5;May;2;1;26;Monday;True;False
878;2025-05-27;2025;5;May;2;1;27;Tuesday;True;False
879;2025-05-28;2025;5;May;2;1;28;Wednesday;True;False
880;2025-05-29;2025;5;May;2;1;29;Thursday;True;False
881;2025-05-30;2025;5;May;2;1;30;Friday;True;False
882;2025-05-31;2025;5;May;2;1;31;Saturday;False;True
883;2025-06-01;2025;6;June;2;1;1;Sunday;False;True
884;2025-06-02;2025;6;June;2;1;2;Monday;True;False
885;2025-06-03;2025;6;June;2;1;3;Tuesday;True;False
886;2025-06-04;2025;6;June;2;1;4;Wednesday;True;False
887;2025-06-05;2025;6;June;2;1;5;Thursday;True;False
888;2025-06-06;2025;6;June;2;1;6;Friday;True;False
889;2025-06-07;2025;6;June;2;1;7;Saturday;False;True
890;2025-06-08;2025;6;June;2;1;8;Sunday;False;True
891;2025-06-09;2025;6;June;2;1;9;Monday;True;False
892;2025-06-10;2025;6;June;2;1;10;Tuesday;True;False
893;2025-06-11;2025;6;June;2;1;11;Wednesday;True;False
894;2025-06-12;2025;6;June;2;1;12;Thursday;True;False
895;2025-06-13;2025;6;June;2;1;13;Friday;True;False
896;2025-06-14;2025;6;June;2;1;14;Saturday;False;True
897;2025-06-15;2025;6;June;2;1;15;Sunday;False;True
898;2025-06-16;2025;6;June;2;1;16;Monday;True;False
899;2025-06-17;2025;6;June;2;1;17;Tuesday;True;False
900;2025-06-18;2025;6;June;2;1;18;Wednesday;True;False
901;2025-06-19;2025;6;June;2;1;19;Thursday;True;False
902;2025-06-20;2025;6;June;2;1;20;Friday;True;False
903;2025-06-21;2025;6;June;2;1;21;Saturday;False;True
904;2025-06-22;2025;6;June;2;1;22;Sunday;False;True
905;2025-06-23;2025;6;June;2;1;23;Monday;True;False
906;2025-06-24;2025;6;June;2;1;24;Tuesday;True;False
907;2025-06-25;2025;6;June;2;1;25;Wednesday;True;False
908;2025-06-26;2025;6;June;2;1;26;Thursday;True;False
909;2025-06-27;2025;6;June;2;1;27;Friday;True;False
910;2025-06-28;2025;6;June;2;1;28;Saturday;False;True
911;2025-06-29;2025;6;June;2;1;29;Sunday;False;True
912;2025-06-30;2025;6;June;2;1;30;Monday;True;False
913;2025-07-01;2025;7;July;3;2;1;Tuesday;True;False
914;2025-07-02;2025;7;July;3;2;2;Wednesday;True;False
915;2025-07-03;2025;7;July;3;2;3;Thursday;True;False
916;2025-07-04;2025;7;July;3;2;4;Friday;True;False
917;2025-07-05;2025;7;July;3;2;5;Saturday;False;True
918;2025-07-06;2025;7;July;3;2;6;Sunday;False;True
919;2025-07-07;2025;7;July;3;2;7;Monday;True;False
920;2025-07-08;2025;7;July;3;2;8;Tuesday;True;False
921;2025-07-09;2025;7;July;3;2;9;Wednesday;True;False
922;2025-07-10;2025;7;July;3;2;10;Thursday;True;False
923;2025-07-11;2025;7;July;3;2;11;Friday;True;False
924;2025-07-12;2025;7;July;3;2;12;Saturday;False;True
925;2025-07-13;2025;7;July;3;2;13;Sunday;False;True
926;2025-07-14;2025;7;July;3;2;14;Monday;True;False
927;2025-07-15;2025;7;July;3;2;15;Tuesday;True;False
928;2025-07-16;2025;7;July;3;2;16;Wednesday;True;False
929;2025-07-17;2025;7;July;3;2;17;Thursday;True;False
930;2025-07-18;2025;7;July;3;2;18;Friday;True;False
931;2025-07-19;2025;7;July;3;2;19;Saturday;False;True
932;2025-07-20;2025;7;July;3;2;20;Sunday;False;True
933;2025-07-21;2025;7;July;3;2;21;Monday;True;False
934;2025-07-22;2025;7;July;3;2;22;Tuesday;True;False
935;2025-07-23;2025;7;July;3;2;23;Wednesday;True;False
936;2025-07-24;2025;7;July;3;2;24;Thursday;True;False
937;2025-07-25;2025;7;July;3;2;25;Friday;True;False
938;2025-07-26;2025;7;July;3;2;26;Saturday;False;True
939;2025-07-27;2025;7;July;3;2;27;Sunday;False;True
940;2025-07-28;2025;7;July;3;2;28;Monday;True;False
941;2025-07-29;2025;7;July;3;2;29;Tuesday;True;False
942;2025-07-30;2025;7;July;3;2;30;Wednesday;True;False
943;2025-07-31;2025;7;July;3;2;31;Thursday;True;False
944;2025-08-01;2025;8;August;3;2;1;Friday;True;False
945;2025-08-02;2025;8;August;3;2;2;Saturday;False;True
946;2025-08-03;2025;8;August;3;2;3;Sunday;False;True
947;2025-08-04;2025;8;August;3;2;4;Monday;True;False
948;2025-08-05;2025;8;August;3;2;5;Tuesday;True;False
949;2025-08-06;2025;8;August;3;2;6;Wednesday;True;False
950;2025-08-07;2025;8;August;3;2;7;Thursday;True;False
951;2025-08-08;2025;8;August;3;2;8;Friday;True;False
952;2025-08-09;2025;8;August;3;2;9;Saturday;False;True
953;2025-08-10;2025;8;August;3;2;10;Sunday;False;True
954;2025-08-11;2025;8;August;3;2;11;Monday;True;False
955;2025-08-12;2025;8;August;3;2;12;Tuesday;True;False
956;2025-08-13;2025;8;August;3;2;13;Wednesday;True;False
957;2025-08-14;2025;8;August;3;2;14;Thursday;True;False
958;2025-08-15;2025;8;August;3;2;15;Friday;True;False
959;2025-08-16;2025;8;August;3;2;16;Saturday;False;True
960;2025-08-17;2025;8;August;3;2;17;Sunday;False;True
961;2025-08-18;2025;8;August;3;2;18;Monday;True;False
962;2025-08-19;2025;8;August;3;2;19;Tuesday;True;False
963;2025-08-20;2025;8;August;3;2;20;Wednesday;True;False
964;2025-08-21;2025;8;August;3;2;21;Thursday;True;False
965;2025-08-22;2025;8;August;3;2;22;Friday;True;False
966;2025-08-23;2025;8;August;3;2;23;Saturday;False;True
967;2025-08-24;2025;8;August;3;2;24;Sunday;False;True
968;2025-08-25;2025;8;August;3;2;25;Monday;True;False
969;2025-08-26;2025;8;August;3;2;26;Tuesday;True;False
970;2025-08-27;2025;8;August;3;2;27;Wednesday;True;False
971;2025-08-28;2025;8;August;3;2;28;Thursday;True;False
972;2025-08-29;2025;8;August;3;2;29;Friday;True;False
973;2025-08-30;2025;8;August;3;2;30;Saturday;False;True
974;2025-08-31;2025;8;August;3;2;31;Sunday;False;True
975;2025-09-01;2025;9;September;3;2;1;Monday;True;False
976;2025-09-02;2025;9;September;3;2;2;Tuesday;True;False
977;2025-09-03;2025;9;September;3;2;3;Wednesday;True;False
978;2025-09-04;2025;9;September;3;2;4;Thursday;True;False
979;2025-09-05;2025;9;September;3;2;5;Friday;True;False
980;2025-09-06;2025;9;September;3;2;6;Saturday;False;True
981;2025-09-07;2025;9;September;3;2;7;Sunday;False;True
982;2025-09-08;2025;9;September;3;2;8;Monday;True;False
983;2025-09-09;2025;9;September;3;2;9;Tuesday;True;False
984;2025-09-10;2025;9;September;3;2;10;Wednesday;True;False
985;2025-09-11;2025;9;September;3;2;11;Thursday;True;False
986;2025-09-12;2025;9;September;3;2;12;Friday;True;False
987;2025-09-13;2025;9;September;3;2;13;Saturday;False;True
988;2025-09-14;2025;9;September;3;2;14;Sunday;False;True
989;2025-09-15;2025;9;September;3;2;15;Monday;True;False
990;2025-09-16;2025;9;September;3;2;16;Tuesday;True;False
991;2025-09-17;2025;9;September;3;2;17;Wednesday;True;False
992;2025-09-18;2025;9;September;3;2;18;Thursday;True;False
993;2025-09-19;2025;9;September;3;2;19;Friday;True;False
994;2025-09-20;2025;9;September;3;2;20;Saturday;False;True
995;2025-09-21;2025;9;September;3;2;21;Sunday;False;True
996;2025-09-22;2025;9;September;3;2;22;Monday;True;False
997;2025-09-23;2025;9;September;3;2;23;Tuesday;True;False
998;2025-09-24;2025;9;September;3;2;24;Wednesday;True;False
999;2025-09-25;2025;9;September;3;2;25;Thursday;True;False
1000;2025-09-26;2025;9;September;3;2;26;Friday;True;False
1001;2025-09-27;2025;9;September;3;2;27;Saturday;False;True
1002;2025-09-28;2025;9;September;3;2;28;Sunday;False;True
1003;2025-09-29;2025;9;September;3;2;29;Monday;True;False
1004;2025-09-30;2025;9;September;3;2;30;Tuesday;True;False
1005;2025-10-01;2025;10;October;4;2;1;Wednesday;True;False
1006;2025-10-02;2025;10;October;4;2;2;Thursday;True;False
1007;2025-10-03;2025;10;October;4;2;3;Friday;True;False
1008;2025-10-04;2025;10;October;4;2;4;Saturday;False;True
1009;2025-10-05;2025;10;October;4;2;5;Sunday;False;True
1010;2025-10-06;2025;10;October;4;2;6;Monday;True;False
1011;2025-10-07;2025;10;October;4;2;7;Tuesday;True;False
1012;2025-10-08;2025;10;October;4;2;8;Wednesday;True;False
1013;2025-10-09;2025;10;October;4;2;9;Thursday;True;False
1014;2025-10-10;2025;10;October;4;2;10;Friday;True;False
1015;2025-10-11;2025;10;October;4;2;11;Saturday;False;True
1016;2025-10-12;2025;10;October;4;2;12;Sunday;False;True
1017;2025-10-13;2025;10;October;4;2;13;Monday;True;False
1018;2025-10-14;2025;10;October;4;2;14;Tuesday;True;False
1019;2025-10-15;2025;10;October;4;2;15;Wednesday;True;False
1020;2025-10-16;2025;10;October;4;2;16;Thursday;True;False
1021;2025-10-17;2025;10;October;4;2;17;Friday;True;False
1022;2025-10-18;2025;10;October;4;2;18;Saturday;False;True
1023;2025-10-19;2025;10;October;4;2;19;Sunday;False;True
1024;2025-10-20;2025;10;October;4;2;20;Monday;True;False
1025;2025-10-21;2025;10;October;4;2;21;Tuesday;True;False
1026;2025-10-22;2025;10;October;4;2;22;Wednesday;True;False
1027;2025-10-23;2025;10;October;4;2;23;Thursday;True;False
1028;2025-10-24;2025;10;October;4;2;24;Friday;True;False
1029;2025-10-25;2025;10;October;4;2;25;Saturday;False;True
1030;2025-10-26;2025;10;October;4;2;26;Sunday;False;True
1031;2025-10-27;2025;10;October;4;2;27;Monday;True;False
1032;2025-10-28;2025;10;October;4;2;28;Tuesday;True;False
1033;2025-10-29;2025;10;October;4;2;29;Wednesday;True;False
1034;2025-10-30;2025;10;October;4;2;30;Thursday;True;False
1035;2025-10-31;2025;10;October;4;2;31;Friday;True;False
1036;2025-11-01;2025;11;November;4;2;1;Saturday;False;True
1037;2025-11-02;2025;11;November;4;2;2;Sunday;False;True
1038;2025-11-03;2025;11;November;4;2;3;Monday;True;False
1039;2025-11-04;2025;11;November;4;2;4;Tuesday;True;False
1040;2025-11-05;2025;11;November;4;2;5;Wednesday;True;False
1041;2025-11-06;2025;11;November;4;2;6;Thursday;True;False
1042;2025-11-07;2025;11;November;4;2;7;Friday;True;False
1043;2025-11-08;2025;11;November;4;2;8;Saturday;False;True
1044;2025-11-09;2025;11;November;4;2;9;Sunday;False;True
1045;2025-11-10;2025;11;November;4;2;10;Monday;True;False
1046;2025-11-11;2025;11;November;4;2;11;Tuesday;True;False
1047;2025-11-12;2025;11;November;4;2;12;Wednesday;True;False
1048;2025-11-13;2025;11;November;4;2;13;Thursday;True;False
1049;2025-11-14;2025;11;November;4;2;14;Friday;True;False
1050;2025-11-15;2025;11;November;4;2;15;Saturday;False;True
1051;2025-11-16;2025;11;November;4;2;16;Sunday;False;True
1052;2025-11-17;2025;11;November;4;2;17;Monday;True;False
1053;2025-11-18;2025;11;November;4;2;18;Tuesday;True;False
1054;2025-11-19;2025;11;November;4;2;19;Wednesday;True;False
1055;2025-11-20;2025;11;November;4;2;20;Thursday;True;False
1056;2025-11-21;2025;11;November;4;2;21;Friday;True;False
1057;2025-11-22;2025;11;November;4;2;22;Saturday;False;True
1058;2025-11-23;2025;11;November;4;2;23;Sunday;False;True
1059;2025-11-24;2025;11;November;4;2;24;Monday;True;False
1060;2025-11-25;2025;11;November;4;2;25;Tuesday;True;False
1061;2025-11-26;2025;11;November;4;2;26;Wednesday;True;False
1062;2025-11-27;2025;11;November;4;2;27;Thursday;True;False
1063;2025-11-28;2025;11;November;4;2;28;Friday;True;False
1064;2025-11-29;2025;11;November;4;2;29;Saturday;False;True
1065;2025-11-30;2025;11;November;4;2;30;Sunday;False;True
1066;2025-12-01;2025;12;December;4;2;1;Monday;True;False
1067;2025-12-02;2025;12;December;4;2;2;Tuesday;True;False
1068;2025-12-03;2025;12;December;4;2;3;Wednesday;True;False
1069;2025-12-04;2025;12;December;4;2;4;Thursday;True;False
1070;2025-12-05;2025;12;December;4;2;5;Friday;True;False
1071;2025-12-06;2025;12;December;4;2;6;Saturday;False;True
1072;2025-12-07;2025;12;December;4;2;7;Sunday;False;True
1073;2025-12-08;2025;12;December;4;2;8;Monday;True;False
1074;2025-12-09;2025;12;December;4;2;9;Tuesday;True;False
1075;2025-12-10;2025;12;December;4;2;10;Wednesday;True;False
1076;2025-12-11;2025;12;December;4;2;11;Thursday;True;False
1077;2025-12-12;2025;12;December;4;2;12;Friday;True;False
1078;2025-12-13;2025;12;December;4;2;13;Saturday;False;True
1079;2025-12-14;2025;12;December;4;2;14;Sunday;False;True
1080;2025-12-15;2025;12;December;4;2;15;Monday;True;False
1081;2025-12-16;2025;12;December;4;2;16;Tuesday;True;False
1082;2025-12-17;2025;12;December;4;2;17;Wednesday;True;False
1083;2025-12-18;2025;12;December;4;2;18;Thursday;True;False
1084;2025-12-19;2025;12;December;4;2;19;Friday;True;False
1085;2025-12-20;2025;12;December;4;2;20;Saturday;False;True
1086;2025-12-21;2025;12;December;4;2;21;Sunday;False;True
1087;2025-12-22;2025;12;December;4;2;22;Monday;True;False
1088;2025-12-23;2025;12;December;4;2;23;Tuesday;True;False
1089;2025-12-24;2025;12;December;4;2;24;Wednesday;True;False
1090;2025-12-25;2025;12;December;4;2;25;Thursday;True;False
1091;2025-12-26;2025;12;December;4;2;26;Friday;True;False
1092;2025-12-27;2025;12;December;4;2;27;Saturday;False;True
1093;2025-12-28;2025;12;December;4;2;28;Sunday;False;True
1094;2025-12-29;2025;12;December;4;2;29;Monday;True;False
1095;2025-12-30;2025;12;December;4;2;30;Tuesday;True;False
1096;2025-12-31;2025;12;December;4;2;31;Wednesday;True;False
