id_estoque;id_loja;id_produto;quantidade
1;1;1;324
2;1;2;22
3;1;3;83
4;1;4;421
5;1;5;227
6;1;6;100
7;1;7;309
8;1;8;322
9;1;9;59
10;1;10;445
11;1;11;346
12;1;12;498
13;1;13;176
14;1;14;343
15;1;15;191
16;1;16;363
17;1;17;487
18;1;18;326
19;1;19;146
20;1;20;437
21;1;21;354
22;1;22;180
23;1;23;334
24;1;24;80
25;1;25;372
26;1;26;334
27;1;27;399
28;1;28;27
29;1;29;23
30;1;30;369
31;1;31;436
32;1;32;286
33;1;33;57
34;1;34;423
35;1;35;133
36;1;36;435
37;1;37;327
38;1;38;448
39;1;39;474
40;1;40;99
41;1;41;86
42;1;42;405
43;1;43;410
44;1;44;367
45;1;45;130
46;1;46;227
47;1;47;464
48;1;48;441
49;1;49;263
50;1;50;233
51;1;51;339
52;1;52;304
53;1;53;102
54;1;54;266
55;1;55;285
56;1;56;48
57;1;57;496
58;1;58;64
59;1;59;308
60;1;60;97
61;1;61;34
62;1;62;380
63;1;63;237
64;1;64;24
65;1;65;242
66;1;66;376
67;1;67;315
68;1;68;266
69;1;69;195
70;1;70;104
71;1;71;233
72;1;72;459
73;1;73;459
74;1;74;274
75;1;75;38
76;1;76;294
77;1;77;97
78;1;78;419
79;1;79;57
80;1;80;179
81;2;1;183
82;2;2;353
83;2;3;106
84;2;4;194
85;2;5;238
86;2;6;333
87;2;7;274
88;2;8;225
89;2;9;86
90;2;10;252
91;2;11;382
92;2;12;106
93;2;13;146
94;2;14;408
95;2;15;148
96;2;16;92
97;2;17;413
98;2;18;78
99;2;19;123
100;2;20;218
101;2;21;302
102;2;22;304
103;2;23;495
104;2;24;202
105;2;25;246
106;2;26;500
107;2;27;456
108;2;28;153
109;2;29;236
110;2;30;439
111;2;31;394
112;2;32;21
113;2;33;186
114;2;34;170
115;2;35;159
116;2;36;177
117;2;37;329
118;2;38;278
119;2;39;140
120;2;40;91
121;2;41;330
122;2;42;172
123;2;43;388
124;2;44;158
125;2;45;435
126;2;46;288
127;2;47;445
128;2;48;141
129;2;49;71
130;2;50;261
131;2;51;449
132;2;52;251
133;2;53;48
134;2;54;198
135;2;55;145
136;2;56;322
137;2;57;338
138;2;58;325
139;2;59;391
140;2;60;350
141;2;61;211
142;2;62;140
143;2;63;161
144;2;64;427
145;2;65;25
146;2;66;115
147;2;67;186
148;2;68;174
149;2;69;423
150;2;70;201
151;2;71;49
152;2;72;283
153;2;73;211
154;2;74;455
155;2;75;482
156;2;76;256
157;2;77;263
158;2;78;206
159;2;79;133
160;2;80;34
161;3;1;488
162;3;2;266
163;3;3;489
164;3;4;31
165;3;5;364
166;3;6;220
167;3;7;81
168;3;8;359
169;3;9;446
170;3;10;287
171;3;11;64
172;3;12;494
173;3;13;398
174;3;14;466
175;3;15;213
176;3;16;281
177;3;17;188
178;3;18;465
179;3;19;296
180;3;20;274
181;3;21;300
182;3;22;64
183;3;23;115
184;3;24;391
185;3;25;452
186;3;26;436
187;3;27;218
188;3;28;156
189;3;29;318
190;3;30;433
191;3;31;262
192;3;32;172
193;3;33;281
194;3;34;177
195;3;35;273
196;3;36;355
197;3;37;217
198;3;38;127
199;3;39;41
200;3;40;413
201;3;41;352
202;3;42;343
203;3;43;336
204;3;44;59
205;3;45;466
206;3;46;375
207;3;47;135
208;3;48;299
209;3;49;187
210;3;50;133
211;3;51;140
212;3;52;387
213;3;53;232
214;3;54;156
215;3;55;390
216;3;56;362
217;3;57;195
218;3;58;96
219;3;59;104
220;3;60;48
221;3;61;219
222;3;62;317
223;3;63;60
224;3;64;111
225;3;65;386
226;3;66;216
227;3;67;439
228;3;68;49
229;3;69;98
230;3;70;298
231;3;71;307
232;3;72;449
233;3;73;465
234;3;74;197
235;3;75;152
236;3;76;190
237;3;77;261
238;3;78;241
239;3;79;143
240;3;80;42
241;4;1;108
242;4;2;148
243;4;3;339
244;4;4;225
245;4;5;162
246;4;6;387
247;4;7;388
248;4;8;147
249;4;9;301
250;4;10;177
251;4;11;286
252;4;12;481
253;4;13;42
254;4;14;133
255;4;15;160
256;4;16;435
257;4;17;187
258;4;18;295
259;4;19;149
260;4;20;452
261;4;21;343
262;4;22;302
263;4;23;359
264;4;24;433
265;4;25;161
266;4;26;30
267;4;27;228
268;4;28;455
269;4;29;100
270;4;30;110
271;4;31;137
272;4;32;152
273;4;33;365
274;4;34;24
275;4;35;343
276;4;36;339
277;4;37;137
278;4;38;107
279;4;39;25
280;4;40;128
281;4;41;441
282;4;42;453
283;4;43;493
284;4;44;110
285;4;45;246
286;4;46;417
287;4;47;425
288;4;48;324
289;4;49;33
290;4;50;393
291;4;51;332
292;4;52;37
293;4;53;57
294;4;54;214
295;4;55;196
296;4;56;500
297;4;57;199
298;4;58;396
299;4;59;132
300;4;60;352
301;4;61;35
302;4;62;332
303;4;63;332
304;4;64;76
305;4;65;339
306;4;66;22
307;4;67;353
308;4;68;146
309;4;69;227
310;4;70;499
311;4;71;60
312;4;72;347
313;4;73;87
314;4;74;108
315;4;75;240
316;4;76;347
317;4;77;172
318;4;78;376
319;4;79;196
320;4;80;334
321;5;1;239
322;5;2;74
323;5;3;466
324;5;4;182
325;5;5;114
326;5;6;492
327;5;7;266
328;5;8;405
329;5;9;397
330;5;10;85
331;5;11;272
332;5;12;138
333;5;13;142
334;5;14;56
335;5;15;188
336;5;16;192
337;5;17;248
338;5;18;299
339;5;19;174
340;5;20;356
341;5;21;141
342;5;22;135
343;5;23;39
344;5;24;315
345;5;25;53
346;5;26;120
347;5;27;204
348;5;28;415
349;5;29;423
350;5;30;340
351;5;31;136
352;5;32;466
353;5;33;494
354;5;34;75
355;5;35;215
356;5;36;406
357;5;37;214
358;5;38;274
359;5;39;119
360;5;40;355
361;5;41;419
362;5;42;66
363;5;43;209
364;5;44;21
365;5;45;262
366;5;46;351
367;5;47;116
368;5;48;312
369;5;49;71
370;5;50;121
371;5;51;390
372;5;52;289
373;5;53;259
374;5;54;222
375;5;55;416
376;5;56;199
377;5;57;303
378;5;58;347
379;5;59;248
380;5;60;286
381;5;61;442
382;5;62;394
383;5;63;264
384;5;64;343
385;5;65;264
386;5;66;308
387;5;67;275
388;5;68;297
389;5;69;396
390;5;70;233
391;5;71;476
392;5;72;455
393;5;73;427
394;5;74;84
395;5;75;474
396;5;76;149
397;5;77;391
398;5;78;486
399;5;79;335
400;5;80;260
401;6;1;449
402;6;2;285
403;6;3;288
404;6;4;248
405;6;5;263
406;6;6;93
407;6;7;207
408;6;8;154
409;6;9;30
410;6;10;408
411;6;11;145
412;6;12;22
413;6;13;64
414;6;14;470
415;6;15;346
416;6;16;326
417;6;17;63
418;6;18;485
419;6;19;87
420;6;20;119
421;6;21;143
422;6;22;128
423;6;23;356
424;6;24;278
425;6;25;428
426;6;26;318
427;6;27;370
428;6;28;311
429;6;29;70
430;6;30;114
431;6;31;422
432;6;32;220
433;6;33;386
434;6;34;419
435;6;35;435
436;6;36;316
437;6;37;265
438;6;38;37
439;6;39;115
440;6;40;447
441;6;41;315
442;6;42;28
443;6;43;146
444;6;44;199
445;6;45;490
446;6;46;492
447;6;47;203
448;6;48;224
449;6;49;402
450;6;50;460
451;6;51;457
452;6;52;477
453;6;53;455
454;6;54;264
455;6;55;124
456;6;56;27
457;6;57;249
458;6;58;418
459;6;59;461
460;6;60;173
461;6;61;41
462;6;62;415
463;6;63;295
464;6;64;208
465;6;65;98
466;6;66;72
467;6;67;223
468;6;68;174
469;6;69;175
470;6;70;408
471;6;71;466
472;6;72;332
473;6;73;466
474;6;74;126
475;6;75;338
476;6;76;242
477;6;77;473
478;6;78;315
479;6;79;495
480;6;80;280
481;7;1;414
482;7;2;118
483;7;3;257
484;7;4;205
485;7;5;461
486;7;6;454
487;7;7;451
488;7;8;131
489;7;9;211
490;7;10;66
491;7;11;130
492;7;12;495
493;7;13;434
494;7;14;363
495;7;15;257
496;7;16;246
497;7;17;238
498;7;18;39
499;7;19;103
500;7;20;420
501;7;21;477
502;7;22;484
503;7;23;82
504;7;24;461
505;7;25;372
506;7;26;65
507;7;27;388
508;7;28;54
509;7;29;97
510;7;30;76
511;7;31;211
512;7;32;222
513;7;33;29
514;7;34;181
515;7;35;33
516;7;36;84
517;7;37;55
518;7;38;243
519;7;39;142
520;7;40;392
521;7;41;266
522;7;42;380
523;7;43;127
524;7;44;357
525;7;45;55
526;7;46;55
527;7;47;62
528;7;48;105
529;7;49;275
530;7;50;180
531;7;51;483
532;7;52;491
533;7;53;345
534;7;54;278
535;7;55;363
536;7;56;158
537;7;57;434
538;7;58;245
539;7;59;378
540;7;60;199
541;7;61;41
542;7;62;101
543;7;63;273
544;7;64;216
545;7;65;293
546;7;66;486
547;7;67;401
548;7;68;454
549;7;69;444
550;7;70;476
551;7;71;473
552;7;72;239
553;7;73;386
554;7;74;364
555;7;75;480
556;7;76;458
557;7;77;393
558;7;78;329
559;7;79;80
560;7;80;464
561;8;1;171
562;8;2;138
563;8;3;434
564;8;4;378
565;8;5;118
566;8;6;291
567;8;7;244
568;8;8;193
569;8;9;340
570;8;10;364
571;8;11;301
572;8;12;400
573;8;13;34
574;8;14;141
575;8;15;312
576;8;16;203
577;8;17;83
578;8;18;135
579;8;19;391
580;8;20;51
581;8;21;262
582;8;22;46
583;8;23;234
584;8;24;364
585;8;25;254
586;8;26;134
587;8;27;493
588;8;28;139
589;8;29;353
590;8;30;268
591;8;31;338
592;8;32;83
593;8;33;136
594;8;34;368
595;8;35;452
596;8;36;313
597;8;37;226
598;8;38;492
599;8;39;242
600;8;40;476
601;8;41;304
602;8;42;290
603;8;43;50
604;8;44;246
605;8;45;409
606;8;46;407
607;8;47;278
608;8;48;379
609;8;49;444
610;8;50;440
611;8;51;90
612;8;52;345
613;8;53;348
614;8;54;345
615;8;55;119
616;8;56;483
617;8;57;133
618;8;58;180
619;8;59;423
620;8;60;354
621;8;61;435
622;8;62;490
623;8;63;121
624;8;64;65
625;8;65;205
626;8;66;436
627;8;67;84
628;8;68;472
629;8;69;372
630;8;70;170
631;8;71;372
632;8;72;436
633;8;73;411
634;8;74;425
635;8;75;59
636;8;76;90
637;8;77;22
638;8;78;250
639;8;79;365
640;8;80;499
641;9;1;186
642;9;2;442
643;9;3;432
644;9;4;225
645;9;5;254
646;9;6;235
647;9;7;114
648;9;8;420
649;9;9;136
650;9;10;167
651;9;11;313
652;9;12;334
653;9;13;387
654;9;14;255
655;9;15;52
656;9;16;295
657;9;17;479
658;9;18;31
659;9;19;333
660;9;20;397
661;9;21;386
662;9;22;337
663;9;23;241
664;9;24;434
665;9;25;335
666;9;26;149
667;9;27;187
668;9;28;452
669;9;29;454
670;9;30;153
671;9;31;465
672;9;32;85
673;9;33;228
674;9;34;314
675;9;35;191
676;9;36;228
677;9;37;452
678;9;38;498
679;9;39;402
680;9;40;479
681;9;41;24
682;9;42;311
683;9;43;475
684;9;44;444
685;9;45;39
686;9;46;420
687;9;47;262
688;9;48;205
689;9;49;399
690;9;50;282
691;9;51;179
692;9;52;196
693;9;53;120
694;9;54;234
695;9;55;218
696;9;56;118
697;9;57;82
698;9;58;262
699;9;59;398
700;9;60;105
701;9;61;475
702;9;62;22
703;9;63;417
704;9;64;398
705;9;65;314
706;9;66;104
707;9;67;146
708;9;68;179
709;9;69;162
710;9;70;153
711;9;71;353
712;9;72;493
713;9;73;209
714;9;74;95
715;9;75;220
716;9;76;102
717;9;77;422
718;9;78;237
719;9;79;123
720;9;80;492
721;10;1;150
722;10;2;379
723;10;3;479
724;10;4;35
725;10;5;348
726;10;6;151
727;10;7;153
728;10;8;217
729;10;9;204
730;10;10;36
731;10;11;66
732;10;12;483
733;10;13;375
734;10;14;378
735;10;15;343
736;10;16;99
737;10;17;103
738;10;18;176
739;10;19;462
740;10;20;373
741;10;21;221
742;10;22;130
743;10;23;376
744;10;24;292
745;10;25;232
746;10;26;373
747;10;27;233
748;10;28;214
749;10;29;59
750;10;30;380
751;10;31;428
752;10;32;262
753;10;33;420
754;10;34;199
755;10;35;496
756;10;36;465
757;10;37;352
758;10;38;317
759;10;39;248
760;10;40;138
761;10;41;214
762;10;42;483
763;10;43;245
764;10;44;172
765;10;45;93
766;10;46;383
767;10;47;304
768;10;48;410
769;10;49;206
770;10;50;450
771;10;51;352
772;10;52;264
773;10;53;359
774;10;54;309
775;10;55;395
776;10;56;484
777;10;57;459
778;10;58;132
779;10;59;226
780;10;60;153
781;10;61;143
782;10;62;88
783;10;63;82
784;10;64;387
785;10;65;290
786;10;66;120
787;10;67;95
788;10;68;118
789;10;69;493
790;10;70;479
791;10;71;363
792;10;72;279
793;10;73;297
794;10;74;362
795;10;75;496
796;10;76;215
797;10;77;151
798;10;78;403
799;10;79;496
800;10;80;439
801;11;1;62
802;11;2;363
803;11;3;341
804;11;4;408
805;11;5;96
806;11;6;380
807;11;7;217
808;11;8;315
809;11;9;92
810;11;10;410
811;11;11;350
812;11;12;310
813;11;13;192
814;11;14;173
815;11;15;471
816;11;16;63
817;11;17;429
818;11;18;264
819;11;19;330
820;11;20;26
821;11;21;211
822;11;22;233
823;11;23;127
824;11;24;212
825;11;25;493
826;11;26;468
827;11;27;55
828;11;28;410
829;11;29;269
830;11;30;237
831;11;31;152
832;11;32;433
833;11;33;74
834;11;34;52
835;11;35;21
836;11;36;414
837;11;37;176
838;11;38;280
839;11;39;331
840;11;40;117
841;11;41;84
842;11;42;93
843;11;43;284
844;11;44;60
845;11;45;389
846;11;46;405
847;11;47;472
848;11;48;459
849;11;49;21
850;11;50;63
851;11;51;128
852;11;52;334
853;11;53;131
854;11;54;197
855;11;55;64
856;11;56;294
857;11;57;252
858;11;58;309
859;11;59;404
860;11;60;66
861;11;61;259
862;11;62;65
863;11;63;461
864;11;64;197
865;11;65;437
866;11;66;494
867;11;67;97
868;11;68;290
869;11;69;303
870;11;70;322
871;11;71;103
872;11;72;223
873;11;73;398
874;11;74;234
875;11;75;256
876;11;76;113
877;11;77;302
878;11;78;154
879;11;79;195
880;11;80;37
881;12;1;173
882;12;2;308
883;12;3;236
884;12;4;61
885;12;5;463
886;12;6;50
887;12;7;354
888;12;8;466
889;12;9;204
890;12;10;467
891;12;11;455
892;12;12;33
893;12;13;90
894;12;14;239
895;12;15;461
896;12;16;136
897;12;17;487
898;12;18;193
899;12;19;341
900;12;20;53
901;12;21;347
902;12;22;62
903;12;23;353
904;12;24;257
905;12;25;139
906;12;26;462
907;12;27;83
908;12;28;393
909;12;29;146
910;12;30;435
911;12;31;202
912;12;32;410
913;12;33;204
914;12;34;285
915;12;35;165
916;12;36;496
917;12;37;284
918;12;38;88
919;12;39;113
920;12;40;265
921;12;41;109
922;12;42;81
923;12;43;56
924;12;44;388
925;12;45;364
926;12;46;309
927;12;47;26
928;12;48;260
929;12;49;482
930;12;50;418
931;12;51;463
932;12;52;194
933;12;53;76
934;12;54;228
935;12;55;299
936;12;56;486
937;12;57;224
938;12;58;340
939;12;59;176
940;12;60;433
941;12;61;255
942;12;62;322
943;12;63;83
944;12;64;461
945;12;65;243
946;12;66;393
947;12;67;183
948;12;68;255
949;12;69;217
950;12;70;298
951;12;71;202
952;12;72;86
953;12;73;192
954;12;74;160
955;12;75;335
956;12;76;408
957;12;77;61
958;12;78;480
959;12;79;412
960;12;80;282
961;13;1;460
962;13;2;65
963;13;3;216
964;13;4;457
965;13;5;465
966;13;6;192
967;13;7;52
968;13;8;320
969;13;9;129
970;13;10;213
971;13;11;146
972;13;12;382
973;13;13;393
974;13;14;437
975;13;15;103
976;13;16;289
977;13;17;141
978;13;18;280
979;13;19;134
980;13;20;359
981;13;21;497
982;13;22;31
983;13;23;479
984;13;24;186
985;13;25;306
986;13;26;83
987;13;27;171
988;13;28;500
989;13;29;195
990;13;30;256
991;13;31;407
992;13;32;156
993;13;33;330
994;13;34;229
995;13;35;474
996;13;36;313
997;13;37;218
998;13;38;378
999;13;39;152
1000;13;40;257
1001;13;41;317
1002;13;42;180
1003;13;43;26
1004;13;44;57
1005;13;45;384
1006;13;46;267
1007;13;47;304
1008;13;48;328
1009;13;49;327
1010;13;50;410
1011;13;51;454
1012;13;52;293
1013;13;53;481
1014;13;54;459
1015;13;55;237
1016;13;56;305
1017;13;57;224
1018;13;58;34
1019;13;59;487
1020;13;60;387
1021;13;61;408
1022;13;62;213
1023;13;63;317
1024;13;64;417
1025;13;65;174
1026;13;66;261
1027;13;67;28
1028;13;68;441
1029;13;69;252
1030;13;70;299
1031;13;71;50
1032;13;72;69
1033;13;73;172
1034;13;74;449
1035;13;75;467
1036;13;76;121
1037;13;77;318
1038;13;78;298
1039;13;79;288
1040;13;80;283
1041;14;1;416
1042;14;2;361
1043;14;3;144
1044;14;4;386
1045;14;5;150
1046;14;6;482
1047;14;7;369
1048;14;8;409
1049;14;9;477
1050;14;10;90
1051;14;11;289
1052;14;12;430
1053;14;13;464
1054;14;14;283
1055;14;15;500
1056;14;16;322
1057;14;17;449
1058;14;18;211
1059;14;19;198
1060;14;20;405
1061;14;21;491
1062;14;22;432
1063;14;23;451
1064;14;24;330
1065;14;25;216
1066;14;26;332
1067;14;27;447
1068;14;28;282
1069;14;29;336
1070;14;30;103
1071;14;31;385
1072;14;32;346
1073;14;33;499
1074;14;34;64
1075;14;35;139
1076;14;36;84
1077;14;37;446
1078;14;38;464
1079;14;39;275
1080;14;40;129
1081;14;41;306
1082;14;42;349
1083;14;43;85
1084;14;44;230
1085;14;45;23
1086;14;46;362
1087;14;47;44
1088;14;48;87
1089;14;49;174
1090;14;50;95
1091;14;51;68
1092;14;52;431
1093;14;53;149
1094;14;54;216
1095;14;55;122
1096;14;56;141
1097;14;57;282
1098;14;58;404
1099;14;59;95
1100;14;60;133
1101;14;61;277
1102;14;62;270
1103;14;63;444
1104;14;64;38
1105;14;65;290
1106;14;66;196
1107;14;67;483
1108;14;68;488
1109;14;69;494
1110;14;70;52
1111;14;71;111
1112;14;72;231
1113;14;73;68
1114;14;74;201
1115;14;75;25
1116;14;76;383
1117;14;77;272
1118;14;78;308
1119;14;79;160
1120;14;80;142
1121;15;1;87
1122;15;2;495
1123;15;3;174
1124;15;4;80
1125;15;5;41
1126;15;6;315
1127;15;7;296
1128;15;8;470
1129;15;9;124
1130;15;10;171
1131;15;11;337
1132;15;12;149
1133;15;13;112
1134;15;14;373
1135;15;15;345
1136;15;16;85
1137;15;17;143
1138;15;18;255
1139;15;19;85
1140;15;20;105
1141;15;21;242
1142;15;22;483
1143;15;23;342
1144;15;24;400
1145;15;25;184
1146;15;26;381
1147;15;27;107
1148;15;28;325
1149;15;29;320
1150;15;30;114
1151;15;31;393
1152;15;32;382
1153;15;33;157
1154;15;34;59
1155;15;35;288
1156;15;36;47
1157;15;37;179
1158;15;38;254
1159;15;39;179
1160;15;40;63
1161;15;41;34
1162;15;42;169
1163;15;43;140
1164;15;44;103
1165;15;45;72
1166;15;46;132
1167;15;47;330
1168;15;48;108
1169;15;49;361
1170;15;50;298
1171;15;51;393
1172;15;52;164
1173;15;53;93
1174;15;54;479
1175;15;55;219
1176;15;56;302
1177;15;57;476
1178;15;58;23
1179;15;59;97
1180;15;60;316
1181;15;61;392
1182;15;62;471
1183;15;63;188
1184;15;64;82
1185;15;65;375
1186;15;66;441
1187;15;67;244
1188;15;68;376
1189;15;69;299
1190;15;70;204
1191;15;71;267
1192;15;72;449
1193;15;73;240
1194;15;74;393
1195;15;75;221
1196;15;76;463
1197;15;77;152
1198;15;78;114
1199;15;79;398
1200;15;80;25
1201;16;1;90
1202;16;2;415
1203;16;3;374
1204;16;4;99
1205;16;5;106
1206;16;6;322
1207;16;7;62
1208;16;8;20
1209;16;9;396
1210;16;10;376
1211;16;11;220
1212;16;12;411
1213;16;13;305
1214;16;14;131
1215;16;15;468
1216;16;16;425
1217;16;17;393
1218;16;18;218
1219;16;19;282
1220;16;20;476
1221;16;21;468
1222;16;22;149
1223;16;23;131
1224;16;24;301
1225;16;25;447
1226;16;26;69
1227;16;27;163
1228;16;28;38
1229;16;29;375
1230;16;30;219
1231;16;31;439
1232;16;32;214
1233;16;33;23
1234;16;34;37
1235;16;35;416
1236;16;36;294
1237;16;37;361
1238;16;38;147
1239;16;39;460
1240;16;40;82
1241;16;41;153
1242;16;42;149
1243;16;43;247
1244;16;44;264
1245;16;45;236
1246;16;46;327
1247;16;47;266
1248;16;48;429
1249;16;49;80
1250;16;50;131
1251;16;51;380
1252;16;52;456
1253;16;53;345
1254;16;54;131
1255;16;55;29
1256;16;56;232
1257;16;57;264
1258;16;58;71
1259;16;59;273
1260;16;60;27
1261;16;61;75
1262;16;62;419
1263;16;63;33
1264;16;64;348
1265;16;65;86
1266;16;66;66
1267;16;67;296
1268;16;68;46
1269;16;69;402
1270;16;70;225
1271;16;71;180
1272;16;72;191
1273;16;73;491
1274;16;74;117
1275;16;75;440
1276;16;76;390
1277;16;77;128
1278;16;78;271
1279;16;79;476
1280;16;80;382
1281;17;1;427
1282;17;2;220
1283;17;3;482
1284;17;4;216
1285;17;5;418
1286;17;6;189
1287;17;7;461
1288;17;8;270
1289;17;9;419
1290;17;10;310
1291;17;11;342
1292;17;12;241
1293;17;13;88
1294;17;14;22
1295;17;15;439
1296;17;16;114
1297;17;17;427
1298;17;18;169
1299;17;19;256
1300;17;20;71
1301;17;21;211
1302;17;22;302
1303;17;23;174
1304;17;24;60
1305;17;25;343
1306;17;26;324
1307;17;27;41
1308;17;28;224
1309;17;29;118
1310;17;30;123
1311;17;31;385
1312;17;32;80
1313;17;33;197
1314;17;34;399
1315;17;35;161
1316;17;36;422
1317;17;37;120
1318;17;38;484
1319;17;39;156
1320;17;40;157
1321;17;41;422
1322;17;42;80
1323;17;43;116
1324;17;44;152
1325;17;45;257
1326;17;46;376
1327;17;47;353
1328;17;48;479
1329;17;49;154
1330;17;50;73
1331;17;51;500
1332;17;52;163
1333;17;53;231
1334;17;54;107
1335;17;55;98
1336;17;56;174
1337;17;57;95
1338;17;58;232
1339;17;59;456
1340;17;60;137
1341;17;61;500
1342;17;62;385
1343;17;63;116
1344;17;64;162
1345;17;65;179
1346;17;66;50
1347;17;67;232
1348;17;68;151
1349;17;69;375
1350;17;70;27
1351;17;71;70
1352;17;72;312
1353;17;73;66
1354;17;74;347
1355;17;75;426
1356;17;76;317
1357;17;77;247
1358;17;78;245
1359;17;79;208
1360;17;80;158
1361;18;1;415
1362;18;2;235
1363;18;3;253
1364;18;4;145
1365;18;5;419
1366;18;6;383
1367;18;7;137
1368;18;8;136
1369;18;9;428
1370;18;10;377
1371;18;11;79
1372;18;12;75
1373;18;13;488
1374;18;14;466
1375;18;15;336
1376;18;16;206
1377;18;17;246
1378;18;18;346
1379;18;19;485
1380;18;20;216
1381;18;21;403
1382;18;22;196
1383;18;23;408
1384;18;24;190
1385;18;25;366
1386;18;26;62
1387;18;27;422
1388;18;28;350
1389;18;29;34
1390;18;30;387
1391;18;31;164
1392;18;32;136
1393;18;33;239
1394;18;34;405
1395;18;35;376
1396;18;36;95
1397;18;37;454
1398;18;38;175
1399;18;39;248
1400;18;40;65
1401;18;41;41
1402;18;42;325
1403;18;43;361
1404;18;44;499
1405;18;45;38
1406;18;46;117
1407;18;47;238
1408;18;48;171
1409;18;49;417
1410;18;50;384
1411;18;51;38
1412;18;52;182
1413;18;53;397
1414;18;54;178
1415;18;55;325
1416;18;56;233
1417;18;57;230
1418;18;58;352
1419;18;59;235
1420;18;60;470
1421;18;61;218
1422;18;62;195
1423;18;63;391
1424;18;64;429
1425;18;65;442
1426;18;66;132
1427;18;67;174
1428;18;68;292
1429;18;69;117
1430;18;70;130
1431;18;71;295
1432;18;72;466
1433;18;73;470
1434;18;74;384
1435;18;75;448
1436;18;76;386
1437;18;77;331
1438;18;78;169
1439;18;79;225
1440;18;80;118
1441;19;1;270
1442;19;2;201
1443;19;3;111
1444;19;4;401
1445;19;5;162
1446;19;6;376
1447;19;7;407
1448;19;8;390
1449;19;9;266
1450;19;10;20
1451;19;11;418
1452;19;12;290
1453;19;13;392
1454;19;14;181
1455;19;15;430
1456;19;16;174
1457;19;17;99
1458;19;18;371
1459;19;19;45
1460;19;20;431
1461;19;21;386
1462;19;22;320
1463;19;23;487
1464;19;24;135
1465;19;25;441
1466;19;26;496
1467;19;27;449
1468;19;28;423
1469;19;29;122
1470;19;30;355
1471;19;31;133
1472;19;32;50
1473;19;33;468
1474;19;34;274
1475;19;35;435
1476;19;36;29
1477;19;37;277
1478;19;38;267
1479;19;39;320
1480;19;40;59
1481;19;41;155
1482;19;42;443
1483;19;43;273
1484;19;44;228
1485;19;45;109
1486;19;46;109
1487;19;47;295
1488;19;48;103
1489;19;49;105
1490;19;50;414
1491;19;51;435
1492;19;52;448
1493;19;53;266
1494;19;54;258
1495;19;55;210
1496;19;56;43
1497;19;57;138
1498;19;58;97
1499;19;59;181
1500;19;60;418
1501;19;61;337
1502;19;62;372
1503;19;63;53
1504;19;64;162
1505;19;65;206
1506;19;66;286
1507;19;67;280
1508;19;68;225
1509;19;69;99
1510;19;70;243
1511;19;71;287
1512;19;72;186
1513;19;73;355
1514;19;74;185
1515;19;75;355
1516;19;76;154
1517;19;77;468
1518;19;78;385
1519;19;79;26
1520;19;80;339
1521;20;1;35
1522;20;2;120
1523;20;3;145
1524;20;4;225
1525;20;5;333
1526;20;6;139
1527;20;7;187
1528;20;8;395
1529;20;9;150
1530;20;10;441
1531;20;11;128
1532;20;12;247
1533;20;13;243
1534;20;14;169
1535;20;15;410
1536;20;16;71
1537;20;17;52
1538;20;18;468
1539;20;19;341
1540;20;20;165
1541;20;21;151
1542;20;22;49
1543;20;23;105
1544;20;24;89
1545;20;25;498
1546;20;26;481
1547;20;27;208
1548;20;28;245
1549;20;29;231
1550;20;30;310
1551;20;31;101
1552;20;32;408
1553;20;33;205
1554;20;34;426
1555;20;35;308
1556;20;36;345
1557;20;37;293
1558;20;38;378
1559;20;39;423
1560;20;40;253
1561;20;41;71
1562;20;42;66
1563;20;43;373
1564;20;44;281
1565;20;45;269
1566;20;46;236
1567;20;47;167
1568;20;48;184
1569;20;49;464
1570;20;50;353
1571;20;51;263
1572;20;52;331
1573;20;53;259
1574;20;54;227
1575;20;55;436
1576;20;56;146
1577;20;57;299
1578;20;58;265
1579;20;59;228
1580;20;60;480
1581;20;61;493
1582;20;62;160
1583;20;63;455
1584;20;64;497
1585;20;65;345
1586;20;66;401
1587;20;67;163
1588;20;68;261
1589;20;69;488
1590;20;70;418
1591;20;71;296
1592;20;72;270
1593;20;73;68
1594;20;74;208
1595;20;75;381
1596;20;76;446
1597;20;77;204
1598;20;78;59
1599;20;79;295
1600;20;80;260
1601;21;1;386
1602;21;2;420
1603;21;3;355
1604;21;4;359
1605;21;5;371
1606;21;6;242
1607;21;7;288
1608;21;8;449
1609;21;9;207
1610;21;10;260
1611;21;11;452
1612;21;12;173
1613;21;13;434
1614;21;14;477
1615;21;15;224
1616;21;16;348
1617;21;17;392
1618;21;18;72
1619;21;19;257
1620;21;20;287
1621;21;21;48
1622;21;22;308
1623;21;23;76
1624;21;24;203
1625;21;25;98
1626;21;26;187
1627;21;27;89
1628;21;28;258
1629;21;29;374
1630;21;30;53
1631;21;31;138
1632;21;32;63
1633;21;33;115
1634;21;34;300
1635;21;35;74
1636;21;36;426
1637;21;37;388
1638;21;38;331
1639;21;39;288
1640;21;40;366
1641;21;41;459
1642;21;42;320
1643;21;43;314
1644;21;44;31
1645;21;45;178
1646;21;46;408
1647;21;47;454
1648;21;48;340
1649;21;49;110
1650;21;50;56
1651;21;51;92
1652;21;52;460
1653;21;53;377
1654;21;54;384
1655;21;55;316
1656;21;56;209
1657;21;57;320
1658;21;58;41
1659;21;59;389
1660;21;60;44
1661;21;61;294
1662;21;62;199
1663;21;63;299
1664;21;64;460
1665;21;65;226
1666;21;66;254
1667;21;67;425
1668;21;68;151
1669;21;69;64
1670;21;70;312
1671;21;71;394
1672;21;72;120
1673;21;73;474
1674;21;74;482
1675;21;75;363
1676;21;76;490
1677;21;77;23
1678;21;78;190
1679;21;79;295
1680;21;80;193
1681;22;1;84
1682;22;2;339
1683;22;3;263
1684;22;4;483
1685;22;5;259
1686;22;6;95
1687;22;7;181
1688;22;8;334
1689;22;9;94
1690;22;10;113
1691;22;11;188
1692;22;12;98
1693;22;13;331
1694;22;14;209
1695;22;15;52
1696;22;16;227
1697;22;17;438
1698;22;18;369
1699;22;19;167
1700;22;20;72
1701;22;21;361
1702;22;22;230
1703;22;23;102
1704;22;24;222
1705;22;25;459
1706;22;26;90
1707;22;27;400
1708;22;28;130
1709;22;29;245
1710;22;30;329
1711;22;31;346
1712;22;32;250
1713;22;33;76
1714;22;34;50
1715;22;35;460
1716;22;36;119
1717;22;37;261
1718;22;38;476
1719;22;39;42
1720;22;40;233
1721;22;41;67
1722;22;42;292
1723;22;43;61
1724;22;44;245
1725;22;45;286
1726;22;46;72
1727;22;47;392
1728;22;48;494
1729;22;49;229
1730;22;50;136
1731;22;51;56
1732;22;52;277
1733;22;53;477
1734;22;54;312
1735;22;55;188
1736;22;56;240
1737;22;57;436
1738;22;58;314
1739;22;59;340
1740;22;60;38
1741;22;61;153
1742;22;62;364
1743;22;63;337
1744;22;64;278
1745;22;65;259
1746;22;66;471
1747;22;67;82
1748;22;68;205
1749;22;69;184
1750;22;70;370
1751;22;71;413
1752;22;72;186
1753;22;73;36
1754;22;74;24
1755;22;75;231
1756;22;76;22
1757;22;77;482
1758;22;78;425
1759;22;79;28
1760;22;80;348
1761;23;1;181
1762;23;2;69
1763;23;3;393
1764;23;4;247
1765;23;5;468
1766;23;6;295
1767;23;7;424
1768;23;8;488
1769;23;9;165
1770;23;10;398
1771;23;11;206
1772;23;12;272
1773;23;13;279
1774;23;14;280
1775;23;15;113
1776;23;16;338
1777;23;17;106
1778;23;18;127
1779;23;19;324
1780;23;20;129
1781;23;21;317
1782;23;22;181
1783;23;23;425
1784;23;24;175
1785;23;25;128
1786;23;26;350
1787;23;27;47
1788;23;28;60
1789;23;29;399
1790;23;30;43
1791;23;31;404
1792;23;32;275
1793;23;33;220
1794;23;34;484
1795;23;35;274
1796;23;36;42
1797;23;37;445
1798;23;38;107
1799;23;39;55
1800;23;40;366
1801;23;41;73
1802;23;42;385
1803;23;43;250
1804;23;44;33
1805;23;45;170
1806;23;46;71
1807;23;47;235
1808;23;48;50
1809;23;49;121
1810;23;50;378
1811;23;51;53
1812;23;52;368
1813;23;53;310
1814;23;54;398
1815;23;55;70
1816;23;56;125
1817;23;57;159
1818;23;58;331
1819;23;59;352
1820;23;60;247
1821;23;61;263
1822;23;62;99
1823;23;63;61
1824;23;64;474
1825;23;65;171
1826;23;66;138
1827;23;67;448
1828;23;68;197
1829;23;69;109
1830;23;70;32
1831;23;71;139
1832;23;72;98
1833;23;73;214
1834;23;74;286
1835;23;75;361
1836;23;76;212
1837;23;77;456
1838;23;78;117
1839;23;79;241
1840;23;80;157
1841;24;1;226
1842;24;2;477
1843;24;3;70
1844;24;4;421
1845;24;5;162
1846;24;6;76
1847;24;7;488
1848;24;8;101
1849;24;9;66
1850;24;10;53
1851;24;11;249
1852;24;12;181
1853;24;13;198
1854;24;14;387
1855;24;15;255
1856;24;16;454
1857;24;17;214
1858;24;18;266
1859;24;19;50
1860;24;20;431
1861;24;21;325
1862;24;22;377
1863;24;23;138
1864;24;24;414
1865;24;25;114
1866;24;26;191
1867;24;27;378
1868;24;28;370
1869;24;29;441
1870;24;30;22
1871;24;31;307
1872;24;32;115
1873;24;33;151
1874;24;34;56
1875;24;35;455
1876;24;36;494
1877;24;37;135
1878;24;38;264
1879;24;39;488
1880;24;40;259
1881;24;41;451
1882;24;42;477
1883;24;43;385
1884;24;44;402
1885;24;45;457
1886;24;46;70
1887;24;47;304
1888;24;48;168
1889;24;49;145
1890;24;50;167
1891;24;51;289
1892;24;52;286
1893;24;53;75
1894;24;54;160
1895;24;55;292
1896;24;56;67
1897;24;57;176
1898;24;58;218
1899;24;59;460
1900;24;60;219
1901;24;61;287
1902;24;62;177
1903;24;63;387
1904;24;64;284
1905;24;65;240
1906;24;66;436
1907;24;67;94
1908;24;68;209
1909;24;69;89
1910;24;70;333
1911;24;71;61
1912;24;72;197
1913;24;73;415
1914;24;74;171
1915;24;75;87
1916;24;76;286
1917;24;77;357
1918;24;78;219
1919;24;79;157
1920;24;80;313
1921;25;1;80
1922;25;2;145
1923;25;3;203
1924;25;4;323
1925;25;5;354
1926;25;6;414
1927;25;7;79
1928;25;8;345
1929;25;9;77
1930;25;10;150
1931;25;11;286
1932;25;12;290
1933;25;13;139
1934;25;14;101
1935;25;15;51
1936;25;16;441
1937;25;17;223
1938;25;18;218
1939;25;19;273
1940;25;20;368
1941;25;21;423
1942;25;22;490
1943;25;23;431
1944;25;24;47
1945;25;25;498
1946;25;26;56
1947;25;27;330
1948;25;28;221
1949;25;29;352
1950;25;30;259
1951;25;31;311
1952;25;32;149
1953;25;33;374
1954;25;34;68
1955;25;35;67
1956;25;36;50
1957;25;37;493
1958;25;38;384
1959;25;39;355
1960;25;40;78
1961;25;41;442
1962;25;42;329
1963;25;43;499
1964;25;44;500
1965;25;45;41
1966;25;46;361
1967;25;47;242
1968;25;48;165
1969;25;49;279
1970;25;50;387
1971;25;51;383
1972;25;52;28
1973;25;53;470
1974;25;54;211
1975;25;55;124
1976;25;56;291
1977;25;57;331
1978;25;58;386
1979;25;59;445
1980;25;60;131
1981;25;61;81
1982;25;62;218
1983;25;63;239
1984;25;64;337
1985;25;65;197
1986;25;66;146
1987;25;67;261
1988;25;68;267
1989;25;69;111
1990;25;70;500
1991;25;71;424
1992;25;72;272
1993;25;73;499
1994;25;74;252
1995;25;75;425
1996;25;76;161
1997;25;77;337
1998;25;78;263
1999;25;79;411
2000;25;80;147
2001;26;1;327
2002;26;2;186
2003;26;3;313
2004;26;4;190
2005;26;5;20
2006;26;6;397
2007;26;7;244
2008;26;8;205
2009;26;9;414
2010;26;10;456
2011;26;11;457
2012;26;12;349
2013;26;13;102
2014;26;14;428
2015;26;15;277
2016;26;16;184
2017;26;17;432
2018;26;18;230
2019;26;19;404
2020;26;20;183
2021;26;21;121
2022;26;22;210
2023;26;23;56
2024;26;24;398
2025;26;25;289
2026;26;26;437
2027;26;27;419
2028;26;28;481
2029;26;29;458
2030;26;30;307
2031;26;31;247
2032;26;32;433
2033;26;33;361
2034;26;34;446
2035;26;35;417
2036;26;36;71
2037;26;37;283
2038;26;38;208
2039;26;39;273
2040;26;40;26
2041;26;41;75
2042;26;42;153
2043;26;43;470
2044;26;44;28
2045;26;45;387
2046;26;46;298
2047;26;47;400
2048;26;48;388
2049;26;49;453
2050;26;50;139
2051;26;51;196
2052;26;52;199
2053;26;53;462
2054;26;54;49
2055;26;55;444
2056;26;56;454
2057;26;57;438
2058;26;58;265
2059;26;59;364
2060;26;60;430
2061;26;61;463
2062;26;62;255
2063;26;63;49
2064;26;64;407
2065;26;65;20
2066;26;66;448
2067;26;67;118
2068;26;68;55
2069;26;69;257
2070;26;70;365
2071;26;71;203
2072;26;72;367
2073;26;73;325
2074;26;74;224
2075;26;75;161
2076;26;76;300
2077;26;77;84
2078;26;78;378
2079;26;79;98
2080;26;80;114
2081;27;1;313
2082;27;2;202
2083;27;3;223
2084;27;4;301
2085;27;5;323
2086;27;6;336
2087;27;7;484
2088;27;8;451
2089;27;9;376
2090;27;10;69
2091;27;11;156
2092;27;12;343
2093;27;13;436
2094;27;14;315
2095;27;15;110
2096;27;16;27
2097;27;17;172
2098;27;18;251
2099;27;19;199
2100;27;20;473
2101;27;21;499
2102;27;22;277
2103;27;23;333
2104;27;24;419
2105;27;25;347
2106;27;26;459
2107;27;27;148
2108;27;28;214
2109;27;29;241
2110;27;30;91
2111;27;31;141
2112;27;32;274
2113;27;33;431
2114;27;34;225
2115;27;35;252
2116;27;36;328
2117;27;37;184
2118;27;38;52
2119;27;39;312
2120;27;40;102
2121;27;41;313
2122;27;42;125
2123;27;43;20
2124;27;44;409
2125;27;45;145
2126;27;46;357
2127;27;47;135
2128;27;48;88
2129;27;49;81
2130;27;50;254
2131;27;51;141
2132;27;52;451
2133;27;53;422
2134;27;54;88
2135;27;55;209
2136;27;56;384
2137;27;57;336
2138;27;58;83
2139;27;59;491
2140;27;60;397
2141;27;61;189
2142;27;62;329
2143;27;63;206
2144;27;64;252
2145;27;65;95
2146;27;66;171
2147;27;67;90
2148;27;68;240
2149;27;69;110
2150;27;70;302
2151;27;71;70
2152;27;72;332
2153;27;73;329
2154;27;74;101
2155;27;75;493
2156;27;76;358
2157;27;77;187
2158;27;78;445
2159;27;79;98
2160;27;80;239
2161;28;1;479
2162;28;2;134
2163;28;3;392
2164;28;4;324
2165;28;5;218
2166;28;6;25
2167;28;7;286
2168;28;8;257
2169;28;9;498
2170;28;10;84
2171;28;11;367
2172;28;12;192
2173;28;13;467
2174;28;14;266
2175;28;15;416
2176;28;16;211
2177;28;17;36
2178;28;18;129
2179;28;19;460
2180;28;20;241
2181;28;21;490
2182;28;22;187
2183;28;23;29
2184;28;24;242
2185;28;25;341
2186;28;26;371
2187;28;27;461
2188;28;28;326
2189;28;29;492
2190;28;30;78
2191;28;31;166
2192;28;32;500
2193;28;33;132
2194;28;34;474
2195;28;35;339
2196;28;36;407
2197;28;37;201
2198;28;38;274
2199;28;39;429
2200;28;40;245
2201;28;41;284
2202;28;42;24
2203;28;43;376
2204;28;44;474
2205;28;45;180
2206;28;46;446
2207;28;47;319
2208;28;48;462
2209;28;49;233
2210;28;50;500
2211;28;51;429
2212;28;52;260
2213;28;53;63
2214;28;54;487
2215;28;55;289
2216;28;56;300
2217;28;57;139
2218;28;58;174
2219;28;59;191
2220;28;60;273
2221;28;61;40
2222;28;62;71
2223;28;63;65
2224;28;64;481
2225;28;65;262
2226;28;66;462
2227;28;67;140
2228;28;68;487
2229;28;69;133
2230;28;70;342
2231;28;71;301
2232;28;72;391
2233;28;73;474
2234;28;74;88
2235;28;75;118
2236;28;76;332
2237;28;77;257
2238;28;78;218
2239;28;79;223
2240;28;80;206
2241;29;1;29
2242;29;2;285
2243;29;3;224
2244;29;4;399
2245;29;5;287
2246;29;6;262
2247;29;7;384
2248;29;8;89
2249;29;9;362
2250;29;10;396
2251;29;11;319
2252;29;12;146
2253;29;13;366
2254;29;14;455
2255;29;15;394
2256;29;16;400
2257;29;17;198
2258;29;18;312
2259;29;19;217
2260;29;20;128
2261;29;21;166
2262;29;22;72
2263;29;23;344
2264;29;24;173
2265;29;25;385
2266;29;26;311
2267;29;27;429
2268;29;28;89
2269;29;29;433
2270;29;30;153
2271;29;31;148
2272;29;32;382
2273;29;33;254
2274;29;34;46
2275;29;35;225
2276;29;36;351
2277;29;37;478
2278;29;38;260
2279;29;39;63
2280;29;40;100
2281;29;41;143
2282;29;42;223
2283;29;43;112
2284;29;44;398
2285;29;45;310
2286;29;46;98
2287;29;47;315
2288;29;48;53
2289;29;49;285
2290;29;50;405
2291;29;51;365
2292;29;52;282
2293;29;53;198
2294;29;54;483
2295;29;55;292
2296;29;56;391
2297;29;57;235
2298;29;58;41
2299;29;59;233
2300;29;60;110
2301;29;61;59
2302;29;62;21
2303;29;63;30
2304;29;64;87
2305;29;65;359
2306;29;66;360
2307;29;67;338
2308;29;68;415
2309;29;69;124
2310;29;70;462
2311;29;71;411
2312;29;72;152
2313;29;73;161
2314;29;74;246
2315;29;75;348
2316;29;76;122
2317;29;77;365
2318;29;78;386
2319;29;79;457
2320;29;80;315
2321;30;1;71
2322;30;2;106
2323;30;3;28
2324;30;4;459
2325;30;5;208
2326;30;6;347
2327;30;7;292
2328;30;8;179
2329;30;9;305
2330;30;10;306
2331;30;11;48
2332;30;12;348
2333;30;13;238
2334;30;14;438
2335;30;15;416
2336;30;16;221
2337;30;17;334
2338;30;18;298
2339;30;19;116
2340;30;20;498
2341;30;21;362
2342;30;22;204
2343;30;23;375
2344;30;24;25
2345;30;25;330
2346;30;26;78
2347;30;27;304
2348;30;28;231
2349;30;29;42
2350;30;30;459
2351;30;31;480
2352;30;32;255
2353;30;33;147
2354;30;34;491
2355;30;35;24
2356;30;36;203
2357;30;37;249
2358;30;38;141
2359;30;39;415
2360;30;40;141
2361;30;41;234
2362;30;42;447
2363;30;43;284
2364;30;44;313
2365;30;45;495
2366;30;46;246
2367;30;47;200
2368;30;48;37
2369;30;49;439
2370;30;50;71
2371;30;51;451
2372;30;52;437
2373;30;53;185
2374;30;54;118
2375;30;55;50
2376;30;56;494
2377;30;57;197
2378;30;58;391
2379;30;59;491
2380;30;60;49
2381;30;61;387
2382;30;62;132
2383;30;63;262
2384;30;64;115
2385;30;65;438
2386;30;66;148
2387;30;67;182
2388;30;68;433
2389;30;69;421
2390;30;70;146
2391;30;71;99
2392;30;72;384
2393;30;73;443
2394;30;74;250
2395;30;75;146
2396;30;76;204
2397;30;77;80
2398;30;78;260
2399;30;79;121
2400;30;80;148
2401;31;1;355
2402;31;2;82
2403;31;3;174
2404;31;4;168
2405;31;5;41
2406;31;6;211
2407;31;7;139
2408;31;8;298
2409;31;9;470
2410;31;10;52
2411;31;11;111
2412;31;12;301
2413;31;13;309
2414;31;14;171
2415;31;15;388
2416;31;16;147
2417;31;17;149
2418;31;18;133
2419;31;19;126
2420;31;20;325
2421;31;21;401
2422;31;22;337
2423;31;23;87
2424;31;24;176
2425;31;25;439
2426;31;26;397
2427;31;27;171
2428;31;28;291
2429;31;29;467
2430;31;30;393
2431;31;31;331
2432;31;32;71
2433;31;33;52
2434;31;34;98
2435;31;35;288
2436;31;36;104
2437;31;37;90
2438;31;38;419
2439;31;39;394
2440;31;40;384
2441;31;41;91
2442;31;42;478
2443;31;43;155
2444;31;44;498
2445;31;45;278
2446;31;46;452
2447;31;47;373
2448;31;48;450
2449;31;49;206
2450;31;50;57
2451;31;51;499
2452;31;52;464
2453;31;53;439
2454;31;54;282
2455;31;55;123
2456;31;56;205
2457;31;57;357
2458;31;58;264
2459;31;59;443
2460;31;60;473
2461;31;61;119
2462;31;62;93
2463;31;63;120
2464;31;64;255
2465;31;65;106
2466;31;66;135
2467;31;67;167
2468;31;68;443
2469;31;69;435
2470;31;70;477
2471;31;71;264
2472;31;72;422
2473;31;73;38
2474;31;74;328
2475;31;75;181
2476;31;76;485
2477;31;77;84
2478;31;78;453
2479;31;79;217
2480;31;80;333
2481;32;1;244
2482;32;2;342
2483;32;3;84
2484;32;4;115
2485;32;5;173
2486;32;6;222
2487;32;7;461
2488;32;8;118
2489;32;9;101
2490;32;10;89
2491;32;11;32
2492;32;12;247
2493;32;13;404
2494;32;14;302
2495;32;15;443
2496;32;16;335
2497;32;17;146
2498;32;18;465
2499;32;19;389
2500;32;20;337
2501;32;21;111
2502;32;22;138
2503;32;23;462
2504;32;24;39
2505;32;25;23
2506;32;26;199
2507;32;27;302
2508;32;28;455
2509;32;29;451
2510;32;30;315
2511;32;31;474
2512;32;32;384
2513;32;33;183
2514;32;34;266
2515;32;35;463
2516;32;36;124
2517;32;37;95
2518;32;38;387
2519;32;39;53
2520;32;40;101
2521;32;41;407
2522;32;42;251
2523;32;43;171
2524;32;44;263
2525;32;45;441
2526;32;46;264
2527;32;47;305
2528;32;48;332
2529;32;49;316
2530;32;50;266
2531;32;51;285
2532;32;52;159
2533;32;53;199
2534;32;54;90
2535;32;55;393
2536;32;56;367
2537;32;57;366
2538;32;58;30
2539;32;59;84
2540;32;60;84
2541;32;61;225
2542;32;62;139
2543;32;63;212
2544;32;64;169
2545;32;65;107
2546;32;66;475
2547;32;67;381
2548;32;68;93
2549;32;69;28
2550;32;70;309
2551;32;71;313
2552;32;72;322
2553;32;73;69
2554;32;74;225
2555;32;75;142
2556;32;76;181
2557;32;77;353
2558;32;78;406
2559;32;79;238
2560;32;80;439
2561;33;1;227
2562;33;2;152
2563;33;3;87
2564;33;4;462
2565;33;5;98
2566;33;6;127
2567;33;7;174
2568;33;8;149
2569;33;9;320
2570;33;10;489
2571;33;11;50
2572;33;12;43
2573;33;13;437
2574;33;14;383
2575;33;15;405
2576;33;16;348
2577;33;17;474
2578;33;18;285
2579;33;19;495
2580;33;20;108
2581;33;21;234
2582;33;22;475
2583;33;23;489
2584;33;24;142
2585;33;25;447
2586;33;26;491
2587;33;27;252
2588;33;28;139
2589;33;29;419
2590;33;30;267
2591;33;31;196
2592;33;32;184
2593;33;33;212
2594;33;34;364
2595;33;35;380
2596;33;36;119
2597;33;37;364
2598;33;38;317
2599;33;39;207
2600;33;40;99
2601;33;41;463
2602;33;42;378
2603;33;43;270
2604;33;44;349
2605;33;45;394
2606;33;46;483
2607;33;47;340
2608;33;48;434
2609;33;49;482
2610;33;50;352
2611;33;51;317
2612;33;52;302
2613;33;53;43
2614;33;54;114
2615;33;55;195
2616;33;56;217
2617;33;57;112
2618;33;58;56
2619;33;59;341
2620;33;60;310
2621;33;61;268
2622;33;62;130
2623;33;63;98
2624;33;64;103
2625;33;65;111
2626;33;66;407
2627;33;67;319
2628;33;68;356
2629;33;69;23
2630;33;70;158
2631;33;71;323
2632;33;72;262
2633;33;73;197
2634;33;74;173
2635;33;75;95
2636;33;76;363
2637;33;77;309
2638;33;78;336
2639;33;79;183
2640;33;80;462
2641;34;1;462
2642;34;2;230
2643;34;3;192
2644;34;4;76
2645;34;5;102
2646;34;6;443
2647;34;7;42
2648;34;8;237
2649;34;9;102
2650;34;10;266
2651;34;11;400
2652;34;12;254
2653;34;13;255
2654;34;14;64
2655;34;15;489
2656;34;16;328
2657;34;17;236
2658;34;18;345
2659;34;19;226
2660;34;20;475
2661;34;21;111
2662;34;22;43
2663;34;23;452
2664;34;24;392
2665;34;25;55
2666;34;26;311
2667;34;27;257
2668;34;28;58
2669;34;29;26
2670;34;30;440
2671;34;31;492
2672;34;32;39
2673;34;33;297
2674;34;34;285
2675;34;35;240
2676;34;36;137
2677;34;37;48
2678;34;38;126
2679;34;39;454
2680;34;40;433
2681;34;41;496
2682;34;42;319
2683;34;43;446
2684;34;44;484
2685;34;45;257
2686;34;46;402
2687;34;47;242
2688;34;48;319
2689;34;49;103
2690;34;50;189
2691;34;51;392
2692;34;52;281
2693;34;53;218
2694;34;54;334
2695;34;55;320
2696;34;56;205
2697;34;57;280
2698;34;58;417
2699;34;59;453
2700;34;60;103
2701;34;61;431
2702;34;62;210
2703;34;63;274
2704;34;64;456
2705;34;65;436
2706;34;66;328
2707;34;67;63
2708;34;68;429
2709;34;69;409
2710;34;70;323
2711;34;71;496
2712;34;72;50
2713;34;73;198
2714;34;74;409
2715;34;75;332
2716;34;76;425
2717;34;77;127
2718;34;78;72
2719;34;79;368
2720;34;80;292
2721;35;1;460
2722;35;2;498
2723;35;3;187
2724;35;4;228
2725;35;5;56
2726;35;6;232
2727;35;7;158
2728;35;8;345
2729;35;9;455
2730;35;10;380
2731;35;11;282
2732;35;12;335
2733;35;13;418
2734;35;14;109
2735;35;15;469
2736;35;16;390
2737;35;17;369
2738;35;18;162
2739;35;19;455
2740;35;20;249
2741;35;21;25
2742;35;22;218
2743;35;23;66
2744;35;24;435
2745;35;25;87
2746;35;26;128
2747;35;27;411
2748;35;28;467
2749;35;29;367
2750;35;30;385
2751;35;31;74
2752;35;32;44
2753;35;33;283
2754;35;34;109
2755;35;35;453
2756;35;36;389
2757;35;37;319
2758;35;38;356
2759;35;39;376
2760;35;40;340
2761;35;41;123
2762;35;42;304
2763;35;43;185
2764;35;44;489
2765;35;45;146
2766;35;46;460
2767;35;47;169
2768;35;48;378
2769;35;49;290
2770;35;50;158
2771;35;51;100
2772;35;52;191
2773;35;53;103
2774;35;54;158
2775;35;55;483
2776;35;56;201
2777;35;57;92
2778;35;58;410
2779;35;59;117
2780;35;60;466
2781;35;61;243
2782;35;62;194
2783;35;63;264
2784;35;64;67
2785;35;65;308
2786;35;66;439
2787;35;67;145
2788;35;68;115
2789;35;69;296
2790;35;70;404
2791;35;71;320
2792;35;72;213
2793;35;73;378
2794;35;74;188
2795;35;75;200
2796;35;76;158
2797;35;77;78
2798;35;78;27
2799;35;79;144
2800;35;80;137
2801;36;1;172
2802;36;2;318
2803;36;3;321
2804;36;4;454
2805;36;5;221
2806;36;6;396
2807;36;7;127
2808;36;8;300
2809;36;9;469
2810;36;10;234
2811;36;11;381
2812;36;12;351
2813;36;13;330
2814;36;14;302
2815;36;15;440
2816;36;16;42
2817;36;17;310
2818;36;18;492
2819;36;19;136
2820;36;20;269
2821;36;21;268
2822;36;22;497
2823;36;23;369
2824;36;24;258
2825;36;25;122
2826;36;26;46
2827;36;27;441
2828;36;28;496
2829;36;29;465
2830;36;30;247
2831;36;31;203
2832;36;32;138
2833;36;33;476
2834;36;34;411
2835;36;35;409
2836;36;36;146
2837;36;37;31
2838;36;38;52
2839;36;39;210
2840;36;40;294
2841;36;41;401
2842;36;42;342
2843;36;43;378
2844;36;44;303
2845;36;45;371
2846;36;46;470
2847;36;47;109
2848;36;48;320
2849;36;49;349
2850;36;50;406
2851;36;51;151
2852;36;52;451
2853;36;53;216
2854;36;54;166
2855;36;55;500
2856;36;56;128
2857;36;57;26
2858;36;58;272
2859;36;59;37
2860;36;60;148
2861;36;61;384
2862;36;62;299
2863;36;63;258
2864;36;64;139
2865;36;65;446
2866;36;66;247
2867;36;67;477
2868;36;68;365
2869;36;69;126
2870;36;70;495
2871;36;71;441
2872;36;72;207
2873;36;73;242
2874;36;74;420
2875;36;75;479
2876;36;76;156
2877;36;77;232
2878;36;78;318
2879;36;79;68
2880;36;80;280
2881;37;1;283
2882;37;2;407
2883;37;3;432
2884;37;4;305
2885;37;5;363
2886;37;6;461
2887;37;7;448
2888;37;8;105
2889;37;9;74
2890;37;10;490
2891;37;11;98
2892;37;12;377
2893;37;13;253
2894;37;14;438
2895;37;15;346
2896;37;16;271
2897;37;17;317
2898;37;18;474
2899;37;19;164
2900;37;20;429
2901;37;21;419
2902;37;22;93
2903;37;23;137
2904;37;24;420
2905;37;25;318
2906;37;26;22
2907;37;27;54
2908;37;28;393
2909;37;29;268
2910;37;30;157
2911;37;31;111
2912;37;32;55
2913;37;33;182
2914;37;34;41
2915;37;35;306
2916;37;36;146
2917;37;37;309
2918;37;38;95
2919;37;39;467
2920;37;40;274
2921;37;41;307
2922;37;42;65
2923;37;43;345
2924;37;44;340
2925;37;45;217
2926;37;46;174
2927;37;47;57
2928;37;48;98
2929;37;49;79
2930;37;50;251
2931;37;51;352
2932;37;52;259
2933;37;53;280
2934;37;54;383
2935;37;55;221
2936;37;56;164
2937;37;57;193
2938;37;58;449
2939;37;59;111
2940;37;60;57
2941;37;61;407
2942;37;62;468
2943;37;63;35
2944;37;64;164
2945;37;65;359
2946;37;66;309
2947;37;67;403
2948;37;68;419
2949;37;69;47
2950;37;70;147
2951;37;71;319
2952;37;72;293
2953;37;73;26
2954;37;74;192
2955;37;75;105
2956;37;76;38
2957;37;77;324
2958;37;78;244
2959;37;79;238
2960;37;80;50
2961;38;1;35
2962;38;2;341
2963;38;3;203
2964;38;4;123
2965;38;5;263
2966;38;6;471
2967;38;7;239
2968;38;8;348
2969;38;9;453
2970;38;10;200
2971;38;11;162
2972;38;12;349
2973;38;13;351
2974;38;14;500
2975;38;15;124
2976;38;16;329
2977;38;17;332
2978;38;18;458
2979;38;19;477
2980;38;20;22
2981;38;21;240
2982;38;22;55
2983;38;23;136
2984;38;24;104
2985;38;25;47
2986;38;26;47
2987;38;27;312
2988;38;28;74
2989;38;29;170
2990;38;30;334
2991;38;31;183
2992;38;32;183
2993;38;33;404
2994;38;34;411
2995;38;35;39
2996;38;36;289
2997;38;37;85
2998;38;38;434
2999;38;39;329
3000;38;40;185
3001;38;41;239
3002;38;42;479
3003;38;43;107
3004;38;44;119
3005;38;45;259
3006;38;46;79
3007;38;47;289
3008;38;48;252
3009;38;49;211
3010;38;50;161
3011;38;51;173
3012;38;52;403
3013;38;53;92
3014;38;54;67
3015;38;55;31
3016;38;56;313
3017;38;57;21
3018;38;58;128
3019;38;59;427
3020;38;60;205
3021;38;61;350
3022;38;62;152
3023;38;63;372
3024;38;64;23
3025;38;65;252
3026;38;66;469
3027;38;67;82
3028;38;68;233
3029;38;69;433
3030;38;70;210
3031;38;71;248
3032;38;72;442
3033;38;73;222
3034;38;74;357
3035;38;75;119
3036;38;76;256
3037;38;77;93
3038;38;78;43
3039;38;79;160
3040;38;80;438
3041;39;1;392
3042;39;2;437
3043;39;3;366
3044;39;4;393
3045;39;5;216
3046;39;6;246
3047;39;7;43
3048;39;8;150
3049;39;9;197
3050;39;10;84
3051;39;11;181
3052;39;12;350
3053;39;13;40
3054;39;14;129
3055;39;15;254
3056;39;16;254
3057;39;17;313
3058;39;18;482
3059;39;19;200
3060;39;20;432
3061;39;21;135
3062;39;22;341
3063;39;23;399
3064;39;24;404
3065;39;25;85
3066;39;26;345
3067;39;27;374
3068;39;28;182
3069;39;29;135
3070;39;30;396
3071;39;31;56
3072;39;32;467
3073;39;33;164
3074;39;34;354
3075;39;35;349
3076;39;36;277
3077;39;37;387
3078;39;38;269
3079;39;39;152
3080;39;40;161
3081;39;41;374
3082;39;42;227
3083;39;43;282
3084;39;44;317
3085;39;45;183
3086;39;46;252
3087;39;47;214
3088;39;48;452
3089;39;49;295
3090;39;50;84
3091;39;51;70
3092;39;52;309
3093;39;53;189
3094;39;54;392
3095;39;55;344
3096;39;56;178
3097;39;57;251
3098;39;58;210
3099;39;59;41
3100;39;60;296
3101;39;61;69
3102;39;62;132
3103;39;63;388
3104;39;64;215
3105;39;65;244
3106;39;66;265
3107;39;67;50
3108;39;68;62
3109;39;69;150
3110;39;70;123
3111;39;71;185
3112;39;72;369
3113;39;73;398
3114;39;74;403
3115;39;75;389
3116;39;76;178
3117;39;77;267
3118;39;78;84
3119;39;79;380
3120;39;80;143
3121;40;1;47
3122;40;2;119
3123;40;3;330
3124;40;4;116
3125;40;5;94
3126;40;6;441
3127;40;7;315
3128;40;8;278
3129;40;9;363
3130;40;10;430
3131;40;11;248
3132;40;12;25
3133;40;13;417
3134;40;14;450
3135;40;15;451
3136;40;16;333
3137;40;17;130
3138;40;18;119
3139;40;19;479
3140;40;20;38
3141;40;21;61
3142;40;22;462
3143;40;23;271
3144;40;24;302
3145;40;25;69
3146;40;26;458
3147;40;27;315
3148;40;28;421
3149;40;29;45
3150;40;30;443
3151;40;31;195
3152;40;32;75
3153;40;33;425
3154;40;34;171
3155;40;35;73
3156;40;36;362
3157;40;37;126
3158;40;38;381
3159;40;39;322
3160;40;40;385
3161;40;41;36
3162;40;42;382
3163;40;43;197
3164;40;44;23
3165;40;45;228
3166;40;46;88
3167;40;47;165
3168;40;48;460
3169;40;49;373
3170;40;50;55
3171;40;51;366
3172;40;52;194
3173;40;53;153
3174;40;54;197
3175;40;55;352
3176;40;56;103
3177;40;57;477
3178;40;58;209
3179;40;59;52
3180;40;60;148
3181;40;61;472
3182;40;62;262
3183;40;63;55
3184;40;64;453
3185;40;65;238
3186;40;66;320
3187;40;67;414
3188;40;68;300
3189;40;69;375
3190;40;70;212
3191;40;71;412
3192;40;72;443
3193;40;73;75
3194;40;74;312
3195;40;75;76
3196;40;76;117
3197;40;77;24
3198;40;78;220
3199;40;79;157
3200;40;80;283
3201;41;1;249
3202;41;2;217
3203;41;3;187
3204;41;4;387
3205;41;5;153
3206;41;6;202
3207;41;7;492
3208;41;8;173
3209;41;9;43
3210;41;10;230
3211;41;11;408
3212;41;12;95
3213;41;13;302
3214;41;14;329
3215;41;15;28
3216;41;16;275
3217;41;17;195
3218;41;18;114
3219;41;19;273
3220;41;20;261
3221;41;21;122
3222;41;22;84
3223;41;23;439
3224;41;24;219
3225;41;25;165
3226;41;26;253
3227;41;27;457
3228;41;28;319
3229;41;29;24
3230;41;30;87
3231;41;31;284
3232;41;32;391
3233;41;33;24
3234;41;34;211
3235;41;35;191
3236;41;36;285
3237;41;37;388
3238;41;38;128
3239;41;39;380
3240;41;40;481
3241;41;41;188
3242;41;42;209
3243;41;43;185
3244;41;44;364
3245;41;45;229
3246;41;46;320
3247;41;47;332
3248;41;48;364
3249;41;49;167
3250;41;50;138
3251;41;51;207
3252;41;52;170
3253;41;53;99
3254;41;54;117
3255;41;55;48
3256;41;56;451
3257;41;57;335
3258;41;58;375
3259;41;59;21
3260;41;60;445
3261;41;61;235
3262;41;62;485
3263;41;63;53
3264;41;64;191
3265;41;65;152
3266;41;66;110
3267;41;67;330
3268;41;68;467
3269;41;69;399
3270;41;70;89
3271;41;71;26
3272;41;72;431
3273;41;73;262
3274;41;74;338
3275;41;75;344
3276;41;76;451
3277;41;77;223
3278;41;78;315
3279;41;79;240
3280;41;80;211
3281;42;1;405
3282;42;2;103
3283;42;3;387
3284;42;4;392
3285;42;5;471
3286;42;6;162
3287;42;7;305
3288;42;8;133
3289;42;9;191
3290;42;10;126
3291;42;11;129
3292;42;12;272
3293;42;13;101
3294;42;14;416
3295;42;15;175
3296;42;16;233
3297;42;17;66
3298;42;18;325
3299;42;19;220
3300;42;20;61
3301;42;21;165
3302;42;22;160
3303;42;23;331
3304;42;24;314
3305;42;25;449
3306;42;26;400
3307;42;27;157
3308;42;28;65
3309;42;29;299
3310;42;30;251
3311;42;31;238
3312;42;32;433
3313;42;33;441
3314;42;34;81
3315;42;35;376
3316;42;36;188
3317;42;37;226
3318;42;38;280
3319;42;39;491
3320;42;40;47
3321;42;41;123
3322;42;42;137
3323;42;43;461
3324;42;44;27
3325;42;45;414
3326;42;46;191
3327;42;47;88
3328;42;48;286
3329;42;49;175
3330;42;50;474
3331;42;51;227
3332;42;52;185
3333;42;53;433
3334;42;54;314
3335;42;55;76
3336;42;56;284
3337;42;57;33
3338;42;58;201
3339;42;59;38
3340;42;60;432
3341;42;61;247
3342;42;62;25
3343;42;63;83
3344;42;64;171
3345;42;65;332
3346;42;66;213
3347;42;67;131
3348;42;68;259
3349;42;69;214
3350;42;70;419
3351;42;71;342
3352;42;72;85
3353;42;73;401
3354;42;74;261
3355;42;75;227
3356;42;76;248
3357;42;77;141
3358;42;78;334
3359;42;79;166
3360;42;80;441
3361;43;1;43
3362;43;2;386
3363;43;3;32
3364;43;4;402
3365;43;5;388
3366;43;6;287
3367;43;7;23
3368;43;8;273
3369;43;9;241
3370;43;10;358
3371;43;11;106
3372;43;12;316
3373;43;13;218
3374;43;14;179
3375;43;15;321
3376;43;16;460
3377;43;17;379
3378;43;18;104
3379;43;19;325
3380;43;20;80
3381;43;21;407
3382;43;22;491
3383;43;23;379
3384;43;24;166
3385;43;25;234
3386;43;26;373
3387;43;27;106
3388;43;28;234
3389;43;29;411
3390;43;30;74
3391;43;31;440
3392;43;32;110
3393;43;33;77
3394;43;34;242
3395;43;35;310
3396;43;36;199
3397;43;37;287
3398;43;38;460
3399;43;39;494
3400;43;40;118
3401;43;41;224
3402;43;42;441
3403;43;43;249
3404;43;44;244
3405;43;45;63
3406;43;46;198
3407;43;47;377
3408;43;48;271
3409;43;49;83
3410;43;50;184
3411;43;51;103
3412;43;52;338
3413;43;53;353
3414;43;54;433
3415;43;55;92
3416;43;56;386
3417;43;57;29
3418;43;58;124
3419;43;59;226
3420;43;60;139
3421;43;61;438
3422;43;62;496
3423;43;63;242
3424;43;64;346
3425;43;65;255
3426;43;66;325
3427;43;67;293
3428;43;68;373
3429;43;69;335
3430;43;70;431
3431;43;71;380
3432;43;72;304
3433;43;73;470
3434;43;74;127
3435;43;75;133
3436;43;76;428
3437;43;77;482
3438;43;78;415
3439;43;79;350
3440;43;80;441
3441;44;1;423
3442;44;2;454
3443;44;3;488
3444;44;4;274
3445;44;5;434
3446;44;6;119
3447;44;7;456
3448;44;8;274
3449;44;9;386
3450;44;10;429
3451;44;11;351
3452;44;12;71
3453;44;13;108
3454;44;14;498
3455;44;15;454
3456;44;16;391
3457;44;17;290
3458;44;18;151
3459;44;19;213
3460;44;20;341
3461;44;21;176
3462;44;22;51
3463;44;23;476
3464;44;24;326
3465;44;25;180
3466;44;26;155
3467;44;27;376
3468;44;28;84
3469;44;29;24
3470;44;30;386
3471;44;31;362
3472;44;32;490
3473;44;33;174
3474;44;34;493
3475;44;35;352
3476;44;36;420
3477;44;37;242
3478;44;38;172
3479;44;39;165
3480;44;40;241
3481;44;41;99
3482;44;42;455
3483;44;43;44
3484;44;44;104
3485;44;45;270
3486;44;46;384
3487;44;47;96
3488;44;48;230
3489;44;49;270
3490;44;50;454
3491;44;51;203
3492;44;52;295
3493;44;53;301
3494;44;54;353
3495;44;55;44
3496;44;56;334
3497;44;57;32
3498;44;58;465
3499;44;59;391
3500;44;60;388
3501;44;61;415
3502;44;62;340
3503;44;63;58
3504;44;64;205
3505;44;65;378
3506;44;66;84
3507;44;67;49
3508;44;68;165
3509;44;69;218
3510;44;70;415
3511;44;71;397
3512;44;72;108
3513;44;73;319
3514;44;74;295
3515;44;75;168
3516;44;76;249
3517;44;77;201
3518;44;78;418
3519;44;79;475
3520;44;80;494
3521;45;1;450
3522;45;2;302
3523;45;3;128
3524;45;4;379
3525;45;5;491
3526;45;6;335
3527;45;7;268
3528;45;8;242
3529;45;9;317
3530;45;10;215
3531;45;11;234
3532;45;12;32
3533;45;13;71
3534;45;14;252
3535;45;15;125
3536;45;16;101
3537;45;17;428
3538;45;18;447
3539;45;19;221
3540;45;20;124
3541;45;21;242
3542;45;22;38
3543;45;23;412
3544;45;24;200
3545;45;25;361
3546;45;26;125
3547;45;27;175
3548;45;28;132
3549;45;29;474
3550;45;30;82
3551;45;31;127
3552;45;32;375
3553;45;33;390
3554;45;34;26
3555;45;35;317
3556;45;36;206
3557;45;37;276
3558;45;38;493
3559;45;39;39
3560;45;40;91
3561;45;41;326
3562;45;42;164
3563;45;43;423
3564;45;44;161
3565;45;45;334
3566;45;46;70
3567;45;47;237
3568;45;48;35
3569;45;49;44
3570;45;50;292
3571;45;51;243
3572;45;52;199
3573;45;53;287
3574;45;54;378
3575;45;55;115
3576;45;56;130
3577;45;57;272
3578;45;58;472
3579;45;59;403
3580;45;60;422
3581;45;61;78
3582;45;62;314
3583;45;63;242
3584;45;64;253
3585;45;65;284
3586;45;66;222
3587;45;67;87
3588;45;68;373
3589;45;69;414
3590;45;70;272
3591;45;71;69
3592;45;72;481
3593;45;73;495
3594;45;74;33
3595;45;75;423
3596;45;76;199
3597;45;77;180
3598;45;78;226
3599;45;79;263
3600;45;80;292
3601;46;1;338
3602;46;2;433
3603;46;3;109
3604;46;4;181
3605;46;5;322
3606;46;6;161
3607;46;7;365
3608;46;8;80
3609;46;9;329
3610;46;10;482
3611;46;11;249
3612;46;12;129
3613;46;13;491
3614;46;14;75
3615;46;15;108
3616;46;16;103
3617;46;17;427
3618;46;18;120
3619;46;19;88
3620;46;20;356
3621;46;21;297
3622;46;22;487
3623;46;23;383
3624;46;24;150
3625;46;25;309
3626;46;26;202
3627;46;27;148
3628;46;28;60
3629;46;29;264
3630;46;30;282
3631;46;31;192
3632;46;32;389
3633;46;33;418
3634;46;34;218
3635;46;35;371
3636;46;36;374
3637;46;37;487
3638;46;38;454
3639;46;39;67
3640;46;40;92
3641;46;41;280
3642;46;42;57
3643;46;43;157
3644;46;44;454
3645;46;45;62
3646;46;46;435
3647;46;47;152
3648;46;48;313
3649;46;49;144
3650;46;50;218
3651;46;51;245
3652;46;52;199
3653;46;53;470
3654;46;54;297
3655;46;55;418
3656;46;56;251
3657;46;57;360
3658;46;58;393
3659;46;59;265
3660;46;60;21
3661;46;61;429
3662;46;62;283
3663;46;63;220
3664;46;64;465
3665;46;65;250
3666;46;66;371
3667;46;67;218
3668;46;68;271
3669;46;69;490
3670;46;70;298
3671;46;71;74
3672;46;72;331
3673;46;73;389
3674;46;74;229
3675;46;75;224
3676;46;76;335
3677;46;77;339
3678;46;78;412
3679;46;79;26
3680;46;80;396
3681;47;1;315
3682;47;2;161
3683;47;3;464
3684;47;4;145
3685;47;5;175
3686;47;6;487
3687;47;7;20
3688;47;8;208
3689;47;9;121
3690;47;10;486
3691;47;11;384
3692;47;12;154
3693;47;13;158
3694;47;14;46
3695;47;15;71
3696;47;16;430
3697;47;17;94
3698;47;18;200
3699;47;19;466
3700;47;20;85
3701;47;21;134
3702;47;22;299
3703;47;23;322
3704;47;24;84
3705;47;25;249
3706;47;26;322
3707;47;27;90
3708;47;28;201
3709;47;29;350
3710;47;30;266
3711;47;31;386
3712;47;32;315
3713;47;33;375
3714;47;34;372
3715;47;35;417
3716;47;36;161
3717;47;37;114
3718;47;38;406
3719;47;39;491
3720;47;40;117
3721;47;41;49
3722;47;42;128
3723;47;43;429
3724;47;44;209
3725;47;45;408
3726;47;46;37
3727;47;47;120
3728;47;48;345
3729;47;49;154
3730;47;50;117
3731;47;51;92
3732;47;52;329
3733;47;53;430
3734;47;54;264
3735;47;55;95
3736;47;56;149
3737;47;57;292
3738;47;58;416
3739;47;59;51
3740;47;60;388
3741;47;61;210
3742;47;62;89
3743;47;63;309
3744;47;64;310
3745;47;65;248
3746;47;66;93
3747;47;67;480
3748;47;68;360
3749;47;69;478
3750;47;70;218
3751;47;71;338
3752;47;72;202
3753;47;73;342
3754;47;74;385
3755;47;75;264
3756;47;76;474
3757;47;77;380
3758;47;78;167
3759;47;79;296
3760;47;80;453
3761;48;1;49
3762;48;2;482
3763;48;3;108
3764;48;4;56
3765;48;5;239
3766;48;6;353
3767;48;7;480
3768;48;8;207
3769;48;9;425
3770;48;10;290
3771;48;11;127
3772;48;12;20
3773;48;13;298
3774;48;14;84
3775;48;15;252
3776;48;16;26
3777;48;17;142
3778;48;18;264
3779;48;19;74
3780;48;20;475
3781;48;21;77
3782;48;22;130
3783;48;23;499
3784;48;24;29
3785;48;25;300
3786;48;26;153
3787;48;27;248
3788;48;28;436
3789;48;29;290
3790;48;30;279
3791;48;31;310
3792;48;32;303
3793;48;33;465
3794;48;34;324
3795;48;35;166
3796;48;36;421
3797;48;37;24
3798;48;38;61
3799;48;39;54
3800;48;40;181
3801;48;41;492
3802;48;42;269
3803;48;43;127
3804;48;44;277
3805;48;45;124
3806;48;46;144
3807;48;47;461
3808;48;48;422
3809;48;49;471
3810;48;50;238
3811;48;51;111
3812;48;52;231
3813;48;53;354
3814;48;54;421
3815;48;55;167
3816;48;56;282
3817;48;57;138
3818;48;58;167
3819;48;59;99
3820;48;60;36
3821;48;61;442
3822;48;62;258
3823;48;63;407
3824;48;64;106
3825;48;65;126
3826;48;66;276
3827;48;67;335
3828;48;68;247
3829;48;69;467
3830;48;70;248
3831;48;71;269
3832;48;72;79
3833;48;73;470
3834;48;74;96
3835;48;75;290
3836;48;76;27
3837;48;77;113
3838;48;78;393
3839;48;79;235
3840;48;80;105
3841;49;1;72
3842;49;2;309
3843;49;3;321
3844;49;4;184
3845;49;5;386
3846;49;6;140
3847;49;7;88
3848;49;8;434
3849;49;9;252
3850;49;10;99
3851;49;11;371
3852;49;12;407
3853;49;13;340
3854;49;14;272
3855;49;15;363
3856;49;16;43
3857;49;17;150
3858;49;18;470
3859;49;19;231
3860;49;20;421
3861;49;21;160
3862;49;22;67
3863;49;23;127
3864;49;24;76
3865;49;25;69
3866;49;26;444
3867;49;27;146
3868;49;28;371
3869;49;29;95
3870;49;30;464
3871;49;31;57
3872;49;32;27
3873;49;33;205
3874;49;34;104
3875;49;35;354
3876;49;36;224
3877;49;37;430
3878;49;38;454
3879;49;39;62
3880;49;40;94
3881;49;41;72
3882;49;42;280
3883;49;43;222
3884;49;44;494
3885;49;45;91
3886;49;46;117
3887;49;47;172
3888;49;48;139
3889;49;49;280
3890;49;50;155
3891;49;51;265
3892;49;52;146
3893;49;53;470
3894;49;54;116
3895;49;55;353
3896;49;56;302
3897;49;57;407
3898;49;58;367
3899;49;59;227
3900;49;60;218
3901;49;61;233
3902;49;62;319
3903;49;63;266
3904;49;64;30
3905;49;65;306
3906;49;66;109
3907;49;67;88
3908;49;68;253
3909;49;69;69
3910;49;70;192
3911;49;71;404
3912;49;72;133
3913;49;73;368
3914;49;74;217
3915;49;75;249
3916;49;76;123
3917;49;77;176
3918;49;78;406
3919;49;79;344
3920;49;80;421
3921;50;1;182
3922;50;2;378
3923;50;3;282
3924;50;4;482
3925;50;5;196
3926;50;6;32
3927;50;7;443
3928;50;8;207
3929;50;9;42
3930;50;10;78
3931;50;11;214
3932;50;12;29
3933;50;13;140
3934;50;14;493
3935;50;15;65
3936;50;16;296
3937;50;17;406
3938;50;18;266
3939;50;19;458
3940;50;20;428
3941;50;21;404
3942;50;22;243
3943;50;23;305
3944;50;24;61
3945;50;25;56
3946;50;26;127
3947;50;27;443
3948;50;28;276
3949;50;29;449
3950;50;30;363
3951;50;31;230
3952;50;32;269
3953;50;33;122
3954;50;34;118
3955;50;35;393
3956;50;36;38
3957;50;37;298
3958;50;38;459
3959;50;39;448
3960;50;40;50
3961;50;41;476
3962;50;42;441
3963;50;43;74
3964;50;44;234
3965;50;45;237
3966;50;46;147
3967;50;47;375
3968;50;48;176
3969;50;49;343
3970;50;50;21
3971;50;51;273
3972;50;52;277
3973;50;53;246
3974;50;54;24
3975;50;55;469
3976;50;56;86
3977;50;57;414
3978;50;58;460
3979;50;59;255
3980;50;60;74
3981;50;61;50
3982;50;62;373
3983;50;63;292
3984;50;64;201
3985;50;65;243
3986;50;66;251
3987;50;67;383
3988;50;68;42
3989;50;69;347
3990;50;70;473
3991;50;71;201
3992;50;72;382
3993;50;73;345
3994;50;74;98
3995;50;75;31
3996;50;76;412
3997;50;77;20
3998;50;78;384
3999;50;79;66
4000;50;80;60
4001;51;1;100
4002;51;2;132
4003;51;3;181
4004;51;4;202
4005;51;5;350
4006;51;6;71
4007;51;7;58
4008;51;8;178
4009;51;9;254
4010;51;10;319
4011;51;11;359
4012;51;12;206
4013;51;13;147
4014;51;14;204
4015;51;15;212
4016;51;16;45
4017;51;17;120
4018;51;18;27
4019;51;19;350
4020;51;20;157
4021;51;21;206
4022;51;22;274
4023;51;23;133
4024;51;24;150
4025;51;25;93
4026;51;26;285
4027;51;27;268
4028;51;28;248
4029;51;29;167
4030;51;30;391
4031;51;31;274
4032;51;32;274
4033;51;33;300
4034;51;34;145
4035;51;35;32
4036;51;36;172
4037;51;37;500
4038;51;38;341
4039;51;39;51
4040;51;40;470
4041;51;41;140
4042;51;42;163
4043;51;43;46
4044;51;44;215
4045;51;45;404
4046;51;46;349
4047;51;47;282
4048;51;48;236
4049;51;49;394
4050;51;50;332
4051;51;51;420
4052;51;52;378
4053;51;53;40
4054;51;54;159
4055;51;55;160
4056;51;56;263
4057;51;57;73
4058;51;58;415
4059;51;59;227
4060;51;60;485
4061;51;61;343
4062;51;62;80
4063;51;63;343
4064;51;64;73
4065;51;65;407
4066;51;66;43
4067;51;67;342
4068;51;68;140
4069;51;69;154
4070;51;70;415
4071;51;71;50
4072;51;72;480
4073;51;73;116
4074;51;74;276
4075;51;75;146
4076;51;76;146
4077;51;77;235
4078;51;78;339
4079;51;79;30
4080;51;80;302
4081;52;1;235
4082;52;2;443
4083;52;3;405
4084;52;4;251
4085;52;5;74
4086;52;6;132
4087;52;7;81
4088;52;8;451
4089;52;9;317
4090;52;10;432
4091;52;11;228
4092;52;12;374
4093;52;13;408
4094;52;14;176
4095;52;15;302
4096;52;16;217
4097;52;17;353
4098;52;18;454
4099;52;19;115
4100;52;20;371
4101;52;21;67
4102;52;22;262
4103;52;23;145
4104;52;24;476
4105;52;25;224
4106;52;26;204
4107;52;27;471
4108;52;28;155
4109;52;29;310
4110;52;30;360
4111;52;31;270
4112;52;32;395
4113;52;33;428
4114;52;34;263
4115;52;35;154
4116;52;36;157
4117;52;37;216
4118;52;38;237
4119;52;39;469
4120;52;40;466
4121;52;41;246
4122;52;42;29
4123;52;43;140
4124;52;44;249
4125;52;45;266
4126;52;46;483
4127;52;47;223
4128;52;48;40
4129;52;49;471
4130;52;50;172
4131;52;51;120
4132;52;52;385
4133;52;53;259
4134;52;54;42
4135;52;55;209
4136;52;56;353
4137;52;57;40
4138;52;58;410
4139;52;59;277
4140;52;60;428
4141;52;61;221
4142;52;62;48
4143;52;63;428
4144;52;64;124
4145;52;65;412
4146;52;66;199
4147;52;67;297
4148;52;68;250
4149;52;69;20
4150;52;70;214
4151;52;71;434
4152;52;72;215
4153;52;73;130
4154;52;74;136
4155;52;75;333
4156;52;76;31
4157;52;77;99
4158;52;78;305
4159;52;79;223
4160;52;80;73
4161;53;1;235
4162;53;2;444
4163;53;3;64
4164;53;4;95
4165;53;5;443
4166;53;6;250
4167;53;7;98
4168;53;8;323
4169;53;9;201
4170;53;10;392
4171;53;11;411
4172;53;12;458
4173;53;13;356
4174;53;14;460
4175;53;15;148
4176;53;16;82
4177;53;17;51
4178;53;18;355
4179;53;19;268
4180;53;20;169
4181;53;21;264
4182;53;22;83
4183;53;23;344
4184;53;24;157
4185;53;25;61
4186;53;26;335
4187;53;27;171
4188;53;28;437
4189;53;29;401
4190;53;30;40
4191;53;31;234
4192;53;32;475
4193;53;33;341
4194;53;34;467
4195;53;35;294
4196;53;36;51
4197;53;37;179
4198;53;38;260
4199;53;39;262
4200;53;40;416
4201;53;41;109
4202;53;42;405
4203;53;43;469
4204;53;44;152
4205;53;45;218
4206;53;46;244
4207;53;47;280
4208;53;48;199
4209;53;49;119
4210;53;50;111
4211;53;51;353
4212;53;52;40
4213;53;53;253
4214;53;54;494
4215;53;55;489
4216;53;56;83
4217;53;57;176
4218;53;58;149
4219;53;59;480
4220;53;60;55
4221;53;61;374
4222;53;62;177
4223;53;63;173
4224;53;64;106
4225;53;65;280
4226;53;66;266
4227;53;67;184
4228;53;68;377
4229;53;69;346
4230;53;70;206
4231;53;71;466
4232;53;72;239
4233;53;73;341
4234;53;74;288
4235;53;75;191
4236;53;76;79
4237;53;77;82
4238;53;78;446
4239;53;79;220
4240;53;80;352
4241;54;1;483
4242;54;2;314
4243;54;3;25
4244;54;4;227
4245;54;5;242
4246;54;6;368
4247;54;7;168
4248;54;8;319
4249;54;9;252
4250;54;10;332
4251;54;11;301
4252;54;12;87
4253;54;13;239
4254;54;14;165
4255;54;15;67
4256;54;16;437
4257;54;17;165
4258;54;18;212
4259;54;19;257
4260;54;20;112
4261;54;21;366
4262;54;22;277
4263;54;23;24
4264;54;24;345
4265;54;25;406
4266;54;26;126
4267;54;27;33
4268;54;28;115
4269;54;29;195
4270;54;30;413
4271;54;31;466
4272;54;32;356
4273;54;33;409
4274;54;34;31
4275;54;35;139
4276;54;36;385
4277;54;37;127
4278;54;38;498
4279;54;39;442
4280;54;40;264
4281;54;41;52
4282;54;42;247
4283;54;43;344
4284;54;44;60
4285;54;45;151
4286;54;46;294
4287;54;47;415
4288;54;48;318
4289;54;49;393
4290;54;50;482
4291;54;51;485
4292;54;52;259
4293;54;53;477
4294;54;54;84
4295;54;55;265
4296;54;56;257
4297;54;57;210
4298;54;58;417
4299;54;59;56
4300;54;60;126
4301;54;61;207
4302;54;62;411
4303;54;63;143
4304;54;64;337
4305;54;65;288
4306;54;66;193
4307;54;67;337
4308;54;68;276
4309;54;69;419
4310;54;70;146
4311;54;71;347
4312;54;72;384
4313;54;73;87
4314;54;74;233
4315;54;75;199
4316;54;76;464
4317;54;77;151
4318;54;78;220
4319;54;79;95
4320;54;80;417
